lang,topic,n_docs,bias_harm,z_harm,bias_fairness,z_fairness,bias_loyalty,z_loyalty,bias_authority,z_authority,bias_sanctity,z_sanctity,bias_realistic_threat,z_realistic_threat,bias_symbolic_threat,z_symbolic_threat,topic_label,topic_short,row_label,dominant_negative_axis,dominant_negative_z,dominant_negative_axis_label,dominant_negative_raw_bias,pc1,pc2
en,37,1,-0.084951,-0.4694849769851228,-0.075272,-0.5296994405251377,-0.060036,-0.34863735774479043,-0.121645,-1.5215144741783482,-0.059572,0.2201306457382447,0.015232,-0.10117003743078543,-0.033629,-0.6719279161215453,Religious Beliefs and Social Phenomena,Religious Beliefs and Social…,EN · T37 · Religious Beliefs and Social…,authority,-1.5215144741783482,Authority,-0.121645,,
en,40,2,-0.054170499999999996,0.8429283829175411,-0.0548975,0.3414439423761109,-0.0428775,0.2655296467355176,-0.0771535,0.15955141942803422,-0.06382550000000001,0.061710264148307714,-0.00436,-0.9097261671278236,-0.0584975,-1.5162485008029694,Critique of Money and Religious Manipulation,Critique of Money and Religi…,EN · T40 · Critique of Money and Religi…,symbolic_threat,-1.5162485008029694,Symbolic Threat,-0.0584975,,
en,43,1,-0.089284,-0.6542346427949131,-0.095048,-1.3752530266379297,-0.061736,-0.4094867273060297,-0.089691,-0.3141652150097804,-0.097905,-1.2075708912282666,0.019297,0.06659132778044673,-0.03727,-0.7955449918931062,Missionaries and Confucianism,Missionaries and Confucianis…,EN · T43 · Missionaries and Confucianis…,fairness,-1.3752530266379297,Fairness,-0.095048,,
en,0,2,-0.0639715,0.42503512775904756,-0.049615000000000006,0.5673054319918485,-0.056993,-0.23971698623017226,-0.055542499999999995,0.9761009856761385,-0.039379,0.9722131108718046,-0.014851,-1.3426866794109813,-0.027701499999999997,-0.47068094643301805,Separation of Church & State / Japan,Separation of Church & State…,EN · T0 · Separation of Church & State…,realistic_threat,-1.3426866794109813,Realistic Threat,-0.014851,,
en,39,7,-0.1021912857142857,-1.2045731431931965,-0.08047271428571427,-0.7520640549382515,-0.07322714285714285,-0.8207977851856064,-0.09946971428571429,-0.6836439484540512,-0.08832985714285714,-0.8509474551857765,-0.0041270000000000005,-0.9001103250382252,-0.04750571428571428,-1.1430619016522912,Religious Controversies and Social Critiques,Religious Controversies and …,EN · T39 · Religious Controversies and …,harm,-1.2045731431931965,Harm,-0.1021912857142857,-2.268559630354339,-0.7402411318443143
en,46,13,-0.08888392307692308,-0.6371762357243681,-0.08415346153846154,-0.9094401188103819,-0.07398515384615384,-0.8479298385984358,-0.09907976923076924,-0.6689102727576013,-0.08418923076923077,-0.6967310192785828,0.002237538461538462,-0.6374476777449688,-0.047687230769230766,-1.1492246418051737,Religious Beliefs and Social Controversies,Religious Beliefs and Social…,EN · T46 · Religious Beliefs and Social…,symbolic_threat,-1.1492246418051737,Symbolic Threat,-0.047687230769230766,-1.9884209878700099,-0.7415865870844576
en,11,39,-0.09925541025641026,-1.0793938194679127,-0.0740776923076923,-0.478634960743945,-0.06890679487179488,-0.6661563433070211,-0.09828235897435898,-0.6387809405196861,-0.07676984615384616,-0.42039817763482173,0.012983897435897437,-0.19394857501718585,-0.02500528205128205,-0.37914055135932695,2017 Pakistan Religious Violence,2017 Pakistan Religious Viol…,EN · T11 · 2017 Pakistan Religious Viol…,harm,-1.0793938194679127,Harm,-0.09925541025641026,-1.5252433145265223,0.09826761625940482
en,45,5,-0.09851560000000001,-1.0478499243295674,-0.07676,-0.5933211909365369,-0.057081799999999995,-0.24289547094607689,-0.0865962,-0.19723135736207148,-0.09237680000000001,-1.001674675522262,0.0352744,0.7259739689922402,-0.0277598,-0.47266031350730586,Life and Responsibility,Life and Responsibility,EN · T45 · Life and Responsibility,harm,-1.0478499243295674,Harm,-0.09851560000000001,-1.3306945123580565,0.717544151689692
en,17,12,-0.09658741666666666,-0.9656363941072409,-0.08120491666666667,-0.7833705046234565,-0.07297858333333333,-0.8119009085254585,-0.10601591666666667,-0.9309855205580247,-0.08559108333333333,-0.748942613997746,0.0167745,-0.03751151200930316,-0.02611983333333333,-0.41698113644161855,Pagan-Christian Conflicts,Pagan-Christian Conflicts,EN · T17 · Pagan-Christian Conflicts,harm,-0.9656363941072409,Harm,-0.09658741666666666,-1.902941347345018,0.25321008848990234
en,25,20,-0.08610405,-0.5186485131406683,-0.07934189999999999,-0.703714334341908,-0.05972545,-0.33752160967582406,-0.09837735,-0.6423700794204608,-0.090505,-0.9319600239976248,0.0021372,-0.6415886168079177,-0.0036552999999999993,0.3457213956208435,Social Division and Racial Antagonism,Social Division and Racial A…,EN · T25 · Social Division and Racial A…,sanctity,-0.9319600239976248,Sanctity,-0.090505,-1.251511339006392,0.1252102585046915
en,9,13,-0.09443661538461538,-0.8739309202825832,-0.08104884615384617,-0.7766974675177806,-0.06760738461538461,-0.619645581598802,-0.09733715384615384,-0.6030673299763804,-0.06532238461538462,0.005959228068529518,0.026709,0.3724824074718741,-0.014660923076923078,-0.02793500147150489,Divine-Human Nature / Jesus,Divine-Human Nature / Jesus,EN · T9 · Divine-Human Nature / Jesus,harm,-0.8739309202825832,Harm,-0.09443661538461538,-1.170889092347089,0.6250816189543726
en,42,1,-0.078034,-0.17455918921537517,-0.074988,-0.5175565795595208,-0.056344,-0.21648684455649905,-0.097919,-0.6250517927289697,-0.056977,0.3167806728279089,0.029745,0.49777724259642536,-0.038076,-0.8229098265736551,Faith and Heresy Debates,Faith and Heresy Debates,EN · T42 · Faith and Heresy Debates,symbolic_threat,-0.8229098265736551,Symbolic Threat,-0.038076,,
en,20,4,-0.07780175,-0.16465655596258852,-0.08052424999999999,-0.7542675444218261,-0.06224025,-0.4275357241302973,-0.095099,-0.5185009724606038,-0.08598025,-0.7634370143352132,0.012629999999999999,-0.20855381904938966,-0.021725,-0.26777035776267083,Nuns and Religious Culture,Nuns and Religious Culture,EN · T20 · Nuns and Religious Culture,sanctity,-0.7634370143352132,Sanctity,-0.08598025,,
en,38,2,-0.08572850000000001,-0.5026358805547312,-0.061726500000000004,0.04945944401626759,-0.040016,0.3679534532058034,-0.08021900000000001,0.04372463235970936,-0.060579499999999994,0.18260659861191084,-0.0006864999999999998,-0.7581218928096289,-0.029678,-0.5377859039343887,Opposition and Impact of Religious Beliefs,Opposition and Impact of Rel…,EN · T38 · Opposition and Impact of Rel…,realistic_threat,-0.7581218928096289,Realistic Threat,-0.0006864999999999998,,
en,4,11,-0.09057236363636363,-0.7091676571636338,-0.07543327272727272,-0.5365949063871746,-0.05994727272727273,-0.34546147621047113,-0.08884936363636363,-0.282364844473206,-0.08090109090909091,-0.5742651978692875,0.004589545454545455,-0.5403810346617663,-0.028456363636363634,-0.49630962957873626,"Religion, Sexuality, and Violence","Religion, Sexuality, and Vio…","EN · T4 · Religion, Sexuality, and Vio…",harm,-0.7091676571636338,Harm,-0.09057236363636363,-1.2291291908415083,-0.3478845455231833
en,6,50,-0.08214806,-0.34997373113123564,-0.06413216000000001,-0.05339828454198974,-0.06874764,-0.660459594123893,-0.08442852,-0.11532778215663483,-0.07335316,-0.29314468656502934,0.00444834,-0.5462085426149812,-0.03184986,-0.611523608462052,Church Abuse Victims,Church Abuse Victims,EN · T6 · Church Abuse Victims,loyalty,-0.660459594123893,Loyalty,-0.06874764,-0.8693894553433472,-0.6551566261862531
en,14,19,-0.08288415789473684,-0.38135933926784354,-0.07121531578947368,-0.3562496083074156,-0.057884210526315795,-0.27161675015526404,-0.09659126315789474,-0.5748846120102301,-0.06775842105263158,-0.08477024694161621,0.01789557894736842,0.008755089397854868,-0.01947336842105263,-0.19132429582793412,Public Prayer and Religious Freedom,Public Prayer and Religious …,EN · T14 · Public Prayer and Religious …,authority,-0.5748846120102301,Authority,-0.09659126315789474,-0.741416848673641,0.09179194555527767
en,8,54,-0.06847474074074074,0.23302676821303253,-0.0569717962962963,0.2527541834767473,-0.04603614814814815,0.15246979468811134,-0.08337009259259259,-0.07533618341415999,-0.07605177777777777,-0.393653927924132,0.028159351851851852,0.43233800567686925,-0.030535666666666666,-0.5669048946842035,Pro-Life and Women's Autonomy,Pro-Life and Women's Autonom…,EN · T8 · Pro-Life and Women's Autonom…,symbolic_threat,-0.5669048946842035,Symbolic Threat,-0.030535666666666666,-0.007074741151940303,-0.10746490674427531
en,15,24,-0.087016625,-0.5575587199895881,-0.07350220833333333,-0.45402924986865817,-0.058844249999999994,-0.30598015999502176,-0.09438837500000001,-0.4916507325126578,-0.067421625,-0.07222637503004242,0.031947375,0.5886686169401123,-0.002635166666666667,0.3803563584233048,Authenticity and Faith in Catholicism,Authenticity and Faith in Ca…,EN · T15 · Authenticity and Faith in Ca…,harm,-0.5575587199895881,Harm,-0.087016625,-0.591714706166236,0.8924730722608579
en,1,196,-0.07541418367346939,-0.06285593723993933,-0.06908114795918367,-0.2649999490098693,-0.06223794387755102,-0.427453179367267,-0.08493280102040816,-0.13438152555034344,-0.07492662244897959,-0.3517478419863961,0.004738897959183673,-0.5342173003257702,-0.026921244897959183,-0.44419018728165127,Christians and Trump's Politics,Christians and Trump's Polit…,EN · T1 · Christians and Trump's Polit…,realistic_threat,-0.5342173003257702,Realistic Threat,0.004738897959183673,-0.6979339627827185,-0.5965363175606768
en,35,11,-0.046742909090909085,1.1596246529905576,-0.052501727272727276,0.44387892523698685,-0.02523,0.8971997934013821,-0.06463090909090909,0.6327047290907354,-0.04230581818181818,0.8632046112343292,0.004884181818181819,-0.5282214778094886,0.006170363636363635,0.6793165085684498,"The Poor, Wealth, and Relief","The Poor, Wealth, and Relief","EN · T35 · The Poor, Wealth, and Relief",realistic_threat,-0.5282214778094886,Realistic Threat,0.004884181818181819,1.8722119889745645,-0.5694938133017962
en,22,3,-0.07925766666666667,-0.22673366595879663,-0.059415666666666665,0.14826271120422183,-0.047697333333333335,0.09300975278047079,-0.08439666666666668,-0.11412423648466731,-0.07819533333333334,-0.4734900367922032,0.005388666666666667,-0.5074015351501527,-0.017702,-0.1311838442144726,Social Observations and Religious Critique,Social Observations and Reli…,EN · T22 · Social Observations and Reli…,realistic_threat,-0.5074015351501527,Realistic Threat,0.005388666666666667,,
en,18,33,-0.07723854545454545,-0.14064274300268031,-0.07099645454545454,-0.3468918559944357,-0.054405242424242425,-0.14709144678183733,-0.09021863636363636,-0.33410141619732353,-0.06782439393939395,-0.08722738809489772,0.006835272727272727,-0.44770052465811955,-0.004484727272727273,0.3175611720504709,Internal Discussions in Catholicism,Internal Discussions in Cath…,EN · T18 · Internal Discussions in Cath…,realistic_threat,-0.44770052465811955,Realistic Threat,0.006835272727272727,-0.3759188707625356,-0.03776421096055206
en,7,46,-0.07582515217391304,-0.08037873740502492,-0.06836219565217391,-0.23426002680941577,-0.055275000000000005,-0.17822332922651984,-0.0885962391304348,-0.27280079350272934,-0.060457804347826084,0.18713911810297165,0.03132708695652174,0.5630695101755078,-0.0268265,-0.44097346461480447,Religion and Natural Disasters,Religion and Natural Disaste…,EN · T7 · Religion and Natural Disaste…,symbolic_threat,-0.44097346461480447,Symbolic Threat,-0.0268265,-0.2901092425425413,0.1608774936540576
en,26,2,-0.0801685,-0.2655696119411991,-0.0727685,-0.42265841085111966,-0.061380500000000005,-0.3967620503183706,-0.0792275,0.08118744735832123,-0.048641,0.6272525902920478,0.027468,0.40380611625301194,-0.026818500000000002,-0.44070185335246653,Priests and Complexities of Faith,Priests and Complexities of …,EN · T26 · Priests and Complexities of …,symbolic_threat,-0.44070185335246653,Symbolic Threat,-0.026818500000000002,,
en,36,8,-0.059560125000000005,0.6131265325621084,-0.055229875,0.3272327331738335,-0.0376145,0.45391213614775416,-0.0746005,0.256013917351842,-0.060846125,0.17267622733145538,0.008438000000000001,-0.3815564372450809,0.003908,0.6025060781759237,Internal Divisions in Catholicism,Internal Divisions in Cathol…,EN · T36 · Internal Divisions in Cathol…,realistic_threat,-0.3815564372450809,Realistic Threat,0.008438000000000001,0.9457915626336496,-0.21748032960106808
en,13,38,-0.07896613157894737,-0.21430324592003175,-0.06988605263157895,-0.29941489805025995,-0.051159184210526315,-0.030902860979656374,-0.0808473947368421,0.019981378933166923,-0.0752031052631579,-0.3620453647147813,0.016978973684210526,-0.0290729426580293,-0.0059988157894736846,0.26615573538485937,Religion in Public vs. Catholic Schools,Religion in Public vs. Catho…,EN · T13 · Religion in Public vs. Catho…,sanctity,-0.3620453647147813,Sanctity,-0.0752031052631579,-0.26550220593172963,0.23162820740093149
en,24,18,-0.05791505555555555,0.6832687042895509,-0.04404616666666667,0.8054095478628263,-0.04100033333333333,0.3327204751049526,-0.06450088888888889,0.6376174096498528,-0.04150161111111111,0.8931570718006251,0.00897461111111111,-0.3594106530907104,-0.0052053333333333335,0.293095581829272,Reforms and Divisions in Catholicism,Reforms and Divisions in Cat…,EN · T24 · Reforms and Divisions in Cat…,realistic_threat,-0.3594106530907104,Realistic Threat,0.00897461111111111,1.4649530928796368,-0.5956438590239936
en,16,56,-0.07458160714285714,-0.027356690576729827,-0.06529828571428571,-0.10325780009481271,-0.047084017857142856,0.11496261164420117,-0.08218996428571428,-0.03074624046387581,-0.07498467857142857,-0.3539101255345328,0.015199500000000001,-0.10251130295830455,0.005244535714285715,0.6478833472405363,Canadian Immigration and Cultural Disputes,Canadian Immigration and Cul…,EN · T16 · Canadian Immigration and Cul…,sanctity,-0.3539101255345328,Sanctity,-0.07498467857142857,0.05277453349839449,0.3382371939511169
en,12,37,-0.0764605135135135,-0.10746915862811454,-0.06255972972972973,0.01383341316934392,-0.05480764864864865,-0.16149507328927104,-0.09033597297297297,-0.33853486015914075,-0.07088713513513514,-0.20129830121128187,0.03749097297297297,0.8174512895423669,-0.013219810810810811,0.02099278874967778,Communion for Divorced and Remarried,Communion for Divorced and R…,EN · T12 · Communion for Divorced and R…,authority,-0.33853486015914075,Authority,-0.09033597297297297,-0.20417663685711596,0.6487395174311938
en,27,25,-0.0762076,-0.09668547824491551,-0.06612232,-0.13849066545512864,-0.05105296,-0.02710069848397011,-0.0901624,-0.33197658262485374,-0.07092676,-0.2027741178828092,0.0196518,0.08123382037010106,-0.0135596,0.009456467424119612,Bakery and Religious Freedom Legal Conflicts,Bakery and Religious Freedom…,EN · T27 · Bakery and Religious Freedom…,authority,-0.33197658262485374,Authority,-0.0901624,-0.29210462760973094,0.13772908762976538
en,21,13,-0.07457153846153847,-0.02692738397419784,-0.06811692307692307,-0.22377301702086072,-0.05059869230769231,-0.01084075572575708,-0.0827013076923077,-0.050066828907616184,-0.06275084615384616,0.10173543692009229,0.009761692307692308,-0.3269280415112389,-0.013946153846153848,-0.00366757984031005,Adventist Church,Adventist Church,EN · T21 · Adventist Church,realistic_threat,-0.3269280415112389,Realistic Threat,0.009761692307692308,-0.10538164173434593,-0.24556174991142687
en,33,12,-0.05299541666666666,0.8930313723318007,-0.0516945,0.47839318066086395,-0.025122583333333334,0.9010446383702271,-0.059258,0.8357146123757437,-0.07335008333333333,-0.29303009700176186,0.026697416666666668,0.3720043666812967,0.0025331666666666666,0.5558285510295534,Healthcare Rights and Institutions,Healthcare Rights and Instit…,EN · T33 · Healthcare Rights and Instit…,sanctity,-0.29303009700176186,Sanctity,-0.07335008333333333,1.466617045827962,0.1730155019994062
en,3,51,-0.0754617843137255,-0.0648855246804302,-0.06587176470588235,-0.12777778481896754,-0.049727196078431374,0.02035335964219885,-0.08908854901960785,-0.2914022199274165,-0.07147709803921569,-0.223271299539329,0.025316411764705882,0.31501069688637795,-0.010765627450980392,0.10431576879622022,LGBTQ Issues and Youth Alienation,LGBTQ Issues and Youth Alien…,EN · T3 · LGBTQ Issues and Youth Alien…,authority,-0.2914022199274165,Authority,-0.08908854901960785,-0.18592313580666156,0.347104368394412
en,10,18,-0.07329322222222222,0.027577231306878378,-0.0614875,0.05967826011057188,-0.058099111111111115,-0.2793088472747563,-0.08190005555555556,-0.019792335144239993,-0.05414583333333333,0.42222665935148795,0.02348216666666667,0.2393119363011211,-0.022124722222222223,-0.2813414899329596,Conflicts and Reflections on the Bible,Conflicts and Reflections on…,EN · T10 · Conflicts and Reflections on…,symbolic_threat,-0.2813414899329596,Symbolic Threat,-0.022124722222222223,0.036985849340053806,-0.10677130872148526
en,30,3,-0.047559333333333335,1.1248141046529414,-0.04389733333333334,0.8117731481223895,-0.015804000000000002,1.2345916507450532,-0.034122999999999994,1.7854149199804867,-0.02466,1.5204180236782658,0.012936333333333333,-0.1959115316669278,0.017540666666666666,1.0653543034716575,Christian Development / Denominational Differences,Christian Development / Deno…,EN · T30 · Christian Development / Deno…,realistic_threat,-0.1959115316669278,Realistic Threat,0.012936333333333333,,
en,28,4,-0.060442,0.5755253067287346,-0.047156,0.6724437950709018,-0.042935,0.2634715062944757,-0.06029375,0.7965798563144104,-0.0462285,0.7171054574804157,0.014954,-0.11264301640464094,-0.00826975,0.1890543219339224,Burke vs. Pope Francis,Burke vs. Pope Francis,EN · T28 · Burke vs. Pope Francis,realistic_threat,-0.11264301640464094,Realistic Threat,0.014954,,
en,34,4,-0.059006,0.6367532135145316,-0.061666,0.05204621545436555,-0.0400915,0.36525102532234854,-0.06868450000000001,0.4795439360424988,-0.06692575,-0.05375765357220527,0.02701,0.3849045897421277,0.00250825,0.55498259511873,Church-State Relations and Charities,Church-State Relations and C…,EN · T34 · Church-State Relations and C…,sanctity,-0.05375765357220527,Sanctity,-0.06692575,,
en,32,26,-0.07273588461538462,0.051340890805257326,-0.057173076923076924,0.24414811775115108,-0.045919115384615385,0.15665883579339263,-0.0825296923076923,-0.043582516850367896,-0.05655134615384615,0.3326340276493304,0.019740538461538462,0.08489603081399694,-0.0086935,0.1746674128819589,Church Doctrine and Sacramental Validity,Church Doctrine and Sacramen…,EN · T32 · Church Doctrine and Sacramen…,authority,-0.043582516850367896,Authority,-0.0825296923076923,0.39137779728986166,0.06022210789002335
en,2,88,-0.061387124999999994,0.5352272389007915,-0.05265818181818182,0.4371894682197569,-0.028305875,0.7871027024606899,-0.060075727272727274,0.8048176224236498,-0.04675471590909091,0.6975066976081041,0.01896347727272727,0.05282694203475264,-0.003202045454545455,0.36111002552725896,Women and Ordination,Women and Ordination,EN · T2 · Women and Ordination,realistic_threat,0.05282694203475264,Realistic Threat,0.01896347727272727,1.516422915291414,-0.15773011508263454
en,19,29,-0.06407527586206896,0.42061035142939973,-0.04667024137931035,0.6932131591338743,-0.038147724137931036,0.4348260463666137,-0.07737055172413793,0.15135034168067268,-0.046322655172413796,0.7135986752205217,0.04436393103448276,1.1010962655419794,-0.0017166206896551727,0.41154228746474736,Doctrines of Religion and Salvation,Doctrines of Religion and Sa…,EN · T19 · Doctrines of Religion and Sa…,authority,0.15135034168067268,Authority,-0.07737055172413793,1.2912816686655562,0.7009933153435077
en,5,94,-0.06541226595744681,0.36360401094658046,-0.049606074468085105,0.567687056967506,-0.034943712765957445,0.5495096181616926,-0.06830140425531915,0.49401881754500426,-0.04760445744680851,0.6658583189415842,0.024324521276595745,0.27407566553941803,-0.0003942978723404253,0.4564370086683895,Catholic-Lutheran Communion Disputes,Catholic-Lutheran Communion …,EN · T5 · Catholic-Lutheran Communion …,realistic_threat,0.27407566553941803,Realistic Threat,0.024324521276595745,1.3002978858193521,0.13314521683244795
en,41,14,-0.066542,0.31543461634338515,-0.047244857142857144,0.6686445699599292,-0.02749592857142857,0.8160937198471302,-0.06437828571428571,0.6422498454021486,-0.045470500000000004,0.7453369490156625,0.032275,0.602189605200218,0.017489214285714285,1.0636074227040615,Catholic Stereotypes and Theology,Catholic Stereotypes and The…,EN · T41 · Catholic Stereotypes and The…,harm,0.31543461634338515,Harm,-0.066542,1.7555005112600153,0.7124178353998462
en,29,11,-0.022520272727272726,2.192425016067845,0.0024156363636363633,2.7919560774713887,0.022907272727272724,2.6202131450790183,-0.017992454545454548,2.3948911077670036,0.0037654545454545454,2.5791158856644696,0.059740636363636364,1.7356884127669827,0.045536909090909086,2.0158661466676384,Christian Principles and Criticisms,Christian Principles and Cri…,EN · T29 · Christian Principles and Cri…,realistic_threat,1.7356884127669827,Realistic Threat,0.059740636363636364,6.140497245715035,0.8957288146920949
jp,32,1,0.043669,-1.0200683580372976,0.072681,-0.537271931299185,-0.030155,-2.224101722431966,0.001565,-1.309731427949511,0.086398,0.3888558804501505,-0.002839,0.6912092754132357,-0.052265,-0.2689918750518112,Church Doctrine and Sacramental Validity,Church Doctrine and Sacramen…,JP · T32 · Church Doctrine and Sacramen…,loyalty,-2.224101722431966,Loyalty,-0.030155,,
jp,42,9,0.04979677777777777,-0.7737398191648056,0.05131733333333333,-1.4853155421881654,-0.012663222222222222,-1.5018612473507889,0.009933444444444444,-0.9701427945443238,0.060951555555555564,-0.6643950364442196,-0.016543222222222223,0.08400418580918682,-0.09189588888888889,-1.8235579111785185,Faith and Heresy Debates,Faith and Heresy Debates,JP · T42 · Faith and Heresy Debates,symbolic_threat,-1.8235579111785185,Symbolic Threat,-0.09189588888888889,-2.801276503231047,-0.5153687615609412
jp,23,41,0.026819146341463415,-1.6974101257127947,0.05960778048780488,-1.1174149575720973,-0.004884853658536585,-1.180690198977996,-0.0007066097560975607,-1.4019125803517567,0.051448292682926826,-1.0577435199990488,-0.019859219512195124,-0.0629206377185419,-0.0628740243902439,-0.6851427476641316,Historical Critiques of Christian Violence,Historical Critiques of Chri…,JP · T23 · Historical Critiques of Chri…,harm,-1.6974101257127947,Harm,0.026819146341463415,-2.934669863058661,0.4282625069740233
jp,46,2,0.046017,-0.9256818723899087,0.0559075,-1.2816202566762105,0.006617,-0.7057753929364226,0.005435000000000001,-1.1526881423063187,0.0574135,-0.8108382955819685,-0.0233865,-0.21920697268348027,-0.0642085,-0.7374890491761305,Religious Beliefs and Social Controversies,Religious Beliefs and Social…,JP · T46 · Religious Beliefs and Social…,fairness,-1.2816202566762105,Fairness,0.0559075,,
jp,25,18,0.056479277777777774,-0.5051121827343642,0.07000955555555556,-0.6558211427672733,0.01912,-0.1895229699601696,0.020596,-0.5374599113925109,0.051308,-1.0635503586420214,-0.03484277777777778,-0.7268104004288618,-0.025515055555555555,0.7803046779020764,Social Division and Racial Antagonism,Social Division and Racial A…,JP · T25 · Social Division and Racial A…,sanctity,-1.0635503586420214,Sanctity,0.051308,-1.0470951648448383,0.31822202527914056
jp,17,32,0.05679071875,-0.4925926687417485,0.072637875,-0.5391856655545213,0.007674875,-0.6620954335701902,0.0160599375,-0.7215317870728397,0.067679875,-0.38590392388462186,-0.02667271875,-0.3648123721140718,-0.07211984375,-1.0478203750354762,Pagan-Christian Conflicts,Pagan-Christian Conflicts,JP · T17 · Pagan-Christian Conflicts,symbolic_threat,-1.0478203750354762,Symbolic Threat,-0.07211984375,-1.5256787487935615,-0.5900230580265172
jp,38,5,0.0431596,-1.0405455623766415,0.062522,-0.9880922512983027,0.0048938,-0.7769268106179934,0.017290800000000002,-0.671583804857079,0.0591588,-0.7385987797914992,-0.0091524,0.41147588007395813,-0.0460372,-0.024699439751318407,Opposition and Impact of Religious Beliefs,Opposition and Impact of Rel…,JP · T38 · Opposition and Impact of Rel…,harm,-1.0405455623766415,Harm,0.0431596,-1.718124938537094,0.8122400281699834
jp,28,16,0.059011625,-0.40331518326908183,0.086944,0.09566932513820256,0.0004611875000000001,-0.9599506403580419,0.023258,-0.4294368554798035,0.068489375,-0.3523980005291043,-0.019944125,-0.06668262022980309,-0.07132087499999999,-1.0164799303091698,Burke vs. Pope Francis,Burke vs. Pope Francis,JP · T28 · Burke vs. Pope Francis,symbolic_threat,-1.0164799303091698,Symbolic Threat,-0.07132087499999999,-1.184634503745223,-0.5155998739822777
jp,40,7,0.10761442857142857,1.5504530542596684,0.10782871428571429,1.0224587313175373,0.04910471428571428,1.0485544036502172,0.06630228571428572,1.317285639800751,0.11555914285714286,1.595861461093422,-0.029909857142857148,-0.5082431247698613,-0.07059885714285714,-0.9881579706039977,Critique of Money and Religious Manipulation,Critique of Money and Religi…,JP · T40 · Critique of Money and Religi…,symbolic_threat,-0.9881579706039977,Symbolic Threat,-0.07059885714285714,2.415465926485026,-1.8956431408516483
jp,11,25,0.0452306,-0.9572941093205333,0.0836956,-0.04848312367419374,0.0028214399999999997,-0.8624951439203263,0.01502728,-0.763436677704386,0.06736075999999999,-0.39911237691932977,-0.02013636,-0.07520014632557491,-0.05201632,-0.2592371233239898,2017 Pakistan Religious Violence,2017 Pakistan Religious Viol…,JP · T11 · 2017 Pakistan Religious Viol…,harm,-0.9572941093205333,Harm,0.0452306,-1.3770704695677207,0.17518325005089433
jp,41,8,0.04572425,-0.9374500340906211,0.06400325,-0.9223596399193587,0.007937,-0.6512722178321553,0.015353875000000001,-0.750183563524893,0.05516825,-0.9037711855312903,-0.01031675,0.3598859952475116,-0.028419749999999997,0.6663647826522056,Catholic Stereotypes and Theology,Catholic Stereotypes and The…,JP · T41 · Catholic Stereotypes and The…,harm,-0.9374500340906211,Harm,0.04572425,-1.4823986344190088,1.1791611841601197
jp,39,2,0.1065595,1.5080463249299567,0.106354,0.9570161517139362,0.036379,0.5231060445281254,0.0403625,0.2646579453687703,0.11206849999999999,1.4513806556173088,-0.018342,0.004304148548975484,-0.06725249999999999,-0.8568933609804114,Religious Controversies and Social Critiques,Religious Controversies and …,JP · T39 · Religious Controversies and …,symbolic_threat,-0.8568933609804114,Symbolic Threat,-0.06725249999999999,,
jp,22,14,0.05949307142857142,-0.383961675423961,0.07732285714285714,-0.33128280613597505,0.010960071428571428,-0.5264487394805372,0.02491592857142857,-0.36215867712867506,0.07754321428571428,0.02234844194194849,-0.006879357142857143,0.5121895994930135,-0.06708428571428572,-0.8502949670837744,Social Observations and Religious Critique,Social Observations and Reli…,JP · T22 · Social Observations and Reli…,symbolic_threat,-0.8502949670837744,Symbolic Threat,-0.06708428571428572,-0.8554081162325338,0.0035672717203385712
jp,4,20,0.054637500000000006,-0.579149206494118,0.07657935,-0.36427701108375415,0.0125049,-0.46266232877247154,0.02492685,-0.36171548926645947,0.056799999999999996,-0.8362316050058229,-0.025703049999999998,-0.32184840154482336,-0.05875319999999999,-0.5234987922162444,"Religion, Sexuality, and Violence","Religion, Sexuality, and Vio…","JP · T4 · Religion, Sexuality, and Vio…",sanctity,-0.8362316050058229,Sanctity,0.056799999999999996,-1.2709037980396618,-0.2345551709625541
jp,6,33,0.05456530303030303,-0.5820514289149391,0.0809530909090909,-0.17018593162420131,0.0038755151515151506,-0.8189720813778358,0.027841939393939395,-0.24342215170370388,0.061104030303030306,-0.6580839713391661,-0.019448454545454547,-0.04472051118881671,-0.05934151515151515,-0.5465761134352648,Church Abuse Victims,Church Abuse Victims,JP · T6 · Church Abuse Victims,loyalty,-0.8189720813778358,Loyalty,0.0038755151515151506,-1.2079425177329837,-0.12462204821661874
jp,9,18,0.052103166666666666,-0.6810260449917186,0.0688691111111111,-0.706430014643015,0.009614444444444446,-0.5820100600418251,0.029514388888888892,-0.1755547192077954,0.07311038888888889,-0.16113013495048356,-0.009635499999999998,0.390070741275782,-0.03931894444444444,0.2388316644327806,Divine-Human Nature / Jesus,Divine-Human Nature / Jesus,JP · T9 · Divine-Human Nature / Jesus,fairness,-0.706430014643015,Fairness,0.0688691111111111,-0.8452002508837004,0.6843613506412306
jp,27,2,0.0851995,0.6494026565192976,0.097407,0.5599800848734886,0.02171,-0.08258113396012995,0.032042,-0.07298511876409294,0.083364,0.26327592805899486,-0.014338,0.18171291639806905,-0.061337,-0.6248512432148978,Bakery and Religious Freedom Legal Conflicts,Bakery and Religious Freedom…,JP · T27 · Bakery and Religious Freedom…,symbolic_threat,-0.6248512432148978,Symbolic Threat,-0.061337,,
jp,18,15,0.0655874,-0.13897775028017262,0.08104873333333333,-0.16594166070162422,0.013370666666666668,-0.42691457708097824,0.018744933333333335,-0.6125755680534734,0.0743702,-0.10898543509709448,-0.026290733333333333,-0.34788740655284406,-0.0462856,-0.03444320816530775,Internal Discussions in Catholicism,Internal Discussions in Cath…,JP · T18 · Internal Discussions in Cath…,authority,-0.6125755680534734,Authority,0.018744933333333335,-0.6457453914682963,-0.16557620264780093
jp,12,14,0.06081457142857143,-0.3308391282420936,0.08752771428571428,0.12157249090981093,0.02091407142857143,-0.11544525085335776,0.01965514285714286,-0.5756395747090876,0.07589421428571429,-0.04590513139128015,0.017548642857142856,1.594542591755166,-0.04378842857142857,0.0635111400232219,Communion for Divorced and Remarried,Communion for Divorced and R…,JP · T12 · Communion for Divorced and R…,authority,-0.5756395747090876,Authority,0.01965514285714286,-0.16948277118999153,1.305021823218183
jp,8,38,0.07755823684210526,0.3422340128308168,0.09705644736842105,0.5444238047725973,0.02728384210526316,0.14756439048433656,0.03107563157894737,-0.11220002108552159,0.06596734210526316,-0.4567871801105087,0.0012555789473684212,0.8726314047622544,-0.05845997368421053,-0.5119966613227666,Pro-Life and Women's Autonomy,Pro-Life and Women's Autonom…,JP · T8 · Pro-Life and Women's Autonom…,symbolic_threat,-0.5119966613227666,Symbolic Threat,-0.05845997368421053,0.18800344635940242,0.18379940873401399
jp,1,68,0.07168835294117647,0.1062724657410149,0.08405058823529411,-0.03273000724233869,0.01607764705882353,-0.3151425874464755,0.03022920588235294,-0.14654768838423388,0.07264023529411766,-0.18059020945539558,-0.02683008823529412,-0.37178508102592883,-0.05805563235294117,-0.4961359194061294,Christians and Trump's Politics,Christians and Trump's Polit…,JP · T1 · Christians and Trump's Polit…,symbolic_threat,-0.4961359194061294,Symbolic Threat,-0.05805563235294117,-0.41094601150571874,-0.6014426539089873
jp,15,36,0.06157955555555556,-0.3000877810010086,0.07706750000000001,-0.34261464872450914,0.01294138888888889,-0.44463957851324565,0.025486166666666664,-0.33901860889221364,0.07775175,0.030979920212171164,0.0014780833333333334,0.8824901033024777,-0.03399163888888889,0.44780119584941425,Authenticity and Faith in Catholicism,Authenticity and Faith in Ca…,JP · T15 · Authenticity and Faith in Ca…,loyalty,-0.44463957851324565,Loyalty,0.01294138888888889,-0.331971960165955,1.007222248902493
jp,31,29,0.07494755172413793,0.23728793386281183,0.09612413793103448,0.5030512249024514,0.02486641379310345,0.047748088514901726,0.039031379310344824,0.21064151986719917,0.09156286206896552,0.6026341048165231,-0.02794244827586207,-0.4210714007566302,-0.05644210344827587,-0.4328434396302172,Antisemitism and Religious Persecution,Antisemitism and Religious P…,JP · T31 · Antisemitism and Religious P…,symbolic_threat,-0.4328434396302172,Symbolic Threat,-0.05644210344827587,0.49497252758024707,-0.8152589588854632
jp,16,3,0.06648233333333334,-0.10300261730656239,0.086339,0.06882157500536817,0.03183033333333333,0.3352903052673093,0.02329166666666667,-0.4280706735805819,0.06849933333333334,-0.3519858162753484,-0.0020176666666666667,0.7276008175361267,-0.015151333333333336,1.1868332980318976,Canadian Immigration and Cultural Disputes,Canadian Immigration and Cul…,JP · T16 · Canadian Immigration and Cul…,authority,-0.4280706735805819,Authority,0.02329166666666667,,
jp,44,4,0.06723175,-0.07287706132178923,0.09451124999999999,0.4314769899195121,0.01514925,-0.3534763658277979,0.02383025,-0.4062151448314012,0.08775474999999999,0.4450129669388451,-0.025897000000000003,-0.3304419156617894,-0.04477075,0.024978480972903457,Pope Francis: Conflicts and Mercy,Pope Francis: Conflicts and …,JP · T44 · Pope Francis: Conflicts and …,authority,-0.4062151448314012,Authority,0.02383025,,
jp,13,20,0.08133825,0.4941855280244168,0.0973864,0.5590659300755771,0.03257755,0.366143093770461,0.04691085,0.5303877643717669,0.0863202,0.38563566940992894,-0.0209513,-0.1113084133762593,-0.05438355,-0.3520943733346494,Religion in Public vs. Catholic Schools,Religion in Public vs. Catho…,JP · T13 · Religion in Public vs. Catho…,symbolic_threat,-0.3520943733346494,Symbolic Threat,-0.05438355,0.8851172546714637,-0.6426886461770817
jp,0,493,0.07207052941176471,0.12163545294542127,0.08469641379310346,-0.004070563927523137,0.030517012170385393,0.2810629012428461,0.040648434077079104,0.2762610531056841,0.07766515821501013,0.02739580938933282,-0.02515292494929006,-0.29747352456945614,-0.03790569574036511,0.2942679288607978,Separation of Church & State / Japan,Separation of Church & State…,JP · T0 · Separation of Church & State…,realistic_threat,-0.29747352456945614,Realistic Threat,-0.02515292494929006,0.3798257371667523,-0.14404466749867967
jp,7,36,0.07619255555555556,0.2873354365310588,0.08733155555555555,0.1128676635153058,0.019744305555555557,-0.16374521616243373,0.03262952777777778,-0.049143441082215494,0.09039877777777777,0.5544516229883595,0.003116777777777778,0.9550971867865046,-0.05277283333333333,-0.2889122067462727,Religion and Natural Disasters,Religion and Natural Disaste…,JP · T7 · Religion and Natural Disaste…,symbolic_threat,-0.2889122067462727,Symbolic Threat,-0.05277283333333333,0.35402955007820186,0.30418032048920646
jp,10,29,0.06933131034482759,0.011522479714367442,0.08311593103448277,-0.07420677251050055,0.017911827586206897,-0.23940875225192015,0.027018413793103446,-0.27684054089402965,0.08455655172413792,0.31263670219915035,0.000337965517241379,0.8319738952715903,-0.05043465517241379,-0.1971945476856956,Conflicts and Reflections on the Bible,Conflicts and Reflections on…,JP · T10 · Conflicts and Reflections on…,authority,-0.27684054089402965,Authority,0.027018413793103446,-0.05649238188232451,0.4336713617858327
jp,14,29,0.0807486551724138,0.4704845979853451,0.09787586206896552,0.5807865173930754,0.030239931034482758,0.2696221424033077,0.03509824137931034,0.05103611842597894,0.09318206896551724,0.6696545151594355,-0.015478137931034482,0.13119581711663986,-0.05232293103448276,-0.2712642848101962,Public Prayer and Religious Freedom,Public Prayer and Religious …,JP · T14 · Public Prayer and Religious …,symbolic_threat,-0.2712642848101962,Symbolic Threat,-0.05232293103448276,0.8094080561530981,-0.3836364189306858
jp,3,44,0.07025897727272727,0.04881345977218732,0.08694156818181818,0.09556140968875804,0.024453454545454546,0.030696883828890607,0.027533681818181818,-0.2559311394353253,0.07391820454545454,-0.12769392806441054,-0.003955227272727273,0.6417516068083158,-0.04070588636363636,0.18442731312738647,LGBTQ Issues and Youth Alienation,LGBTQ Issues and Youth Alien…,JP · T3 · LGBTQ Issues and Youth Alien…,authority,-0.2559311394353253,Authority,0.027533681818181818,0.07674529159994678,0.5516880696274189
jp,29,7,0.06313485714285715,-0.2375667201205987,0.08352057142857142,-0.05625026971026205,0.032912142857142855,0.37995852792310814,0.042223000000000004,0.340156403492584,0.08702128571428572,0.41465422927219636,-0.012246428571428573,0.27438602079647706,-0.025406857142857144,0.7845488819121188,Christian Principles and Criticisms,Christian Principles and Cri…,JP · T29 · Christian Principles and Cri…,harm,-0.2375667201205987,Harm,0.06313485714285715,0.6385426863006378,0.6253811336175518
jp,24,12,0.07088658333333332,0.07404239096111752,0.08934116666666665,0.2020470634744448,0.021378166666666667,-0.09628262659050829,0.029818,-0.16323428343346222,0.08385225,0.28348502883519183,-0.023740916666666667,-0.23491042526552727,-0.03849808333333333,0.27103086156126915,Reforms and Divisions in Catholicism,Reforms and Divisions in Cat…,JP · T24 · Reforms and Divisions in Cat…,realistic_threat,-0.23491042526552727,Realistic Threat,-0.023740916666666667,0.1929684237749721,-0.10249693783313968
jp,19,9,0.07583377777777778,0.2729130457419513,0.09827577777777778,0.5985333554499134,0.030638111111111112,0.28606311091808473,0.028448888888888888,-0.21879234733513941,0.09357866666666666,0.6860700459533665,0.005847222222222222,1.0760774027129012,-0.04532077777777778,0.0034030249023405063,Doctrines of Religion and Salvation,Doctrines of Religion and Sa…,JP · T19 · Doctrines of Religion and Sa…,authority,-0.21879234733513941,Authority,0.028448888888888888,0.8294330725260951,0.5483299289267755
jp,36,8,0.082533125,0.5422179181598188,0.0964585,0.517889025367714,0.03431375,0.4378312851462405,0.033439250000000004,-0.016285188308033383,0.088434875,0.473163944236154,-0.0224855,-0.17928556912902638,-0.0412045,0.16486863438026758,Internal Divisions in Catholicism,Internal Divisions in Cathol…,JP · T36 · Internal Divisions in Cathol…,realistic_threat,-0.17928556912902638,Realistic Threat,-0.0224855,0.8812914524304728,-0.32366005576321083
jp,21,8,0.086032375,0.6828831268061669,0.09493575,0.450314791458997,0.03587975,0.502491870156303,0.039791625,0.24149203175338074,0.096698,0.8151820207365388,-0.0159275,0.1112855346557778,-0.046996375,-0.06232415419772816,Adventist Church,Adventist Church,JP · T21 · Adventist Church,symbolic_threat,-0.06232415419772816,Symbolic Threat,-0.046996375,1.1547755095896686,-0.3600037090105954
jp,37,3,0.09047233333333334,0.8613635627108396,0.10285466666666666,0.8017281732596677,0.03663566666666667,0.5337038841317329,0.05001133333333333,0.6562043250303261,0.11067566666666667,1.393730047941365,-0.007112666666666667,0.5018521481577222,-0.04646433333333333,-0.04145422349485823,Religious Beliefs and Social Phenomena,Religious Beliefs and Social…,JP · T37 · Religious Beliefs and Social…,symbolic_threat,-0.04145422349485823,Symbolic Threat,-0.04646433333333333,,
jp,2,42,0.0801870238095238,0.44790776213673394,0.09635859523809524,0.5134556070458969,0.03788066666666667,0.5851102879232577,0.05163614285714286,0.7221385436771988,0.09472921428571428,0.7336922329091204,-0.015494857142857144,0.13045502421732266,-0.03625819047619047,0.35889316942016114,Women and Ordination,Women and Ordination,JP · T2 · Women and Ordination,realistic_threat,0.13045502421732266,Realistic Threat,-0.015494857142857144,1.406038979531694,-0.08599402617300726
jp,34,11,0.10230572727272726,1.3370503034350751,0.09685790909090909,0.5356133815222758,0.04995863636363636,1.0838130889065711,0.060067636363636365,1.0642856866071677,0.09247427272727272,0.640358200755551,-0.013483636363636364,0.21956796135869433,-0.02619818181818182,0.7535082845826547,Church-State Relations and Charities,Church-State Relations and C…,JP · T34 · Church-State Relations and C…,realistic_threat,0.21956796135869433,Realistic Threat,-0.013483636363636364,2.27709181786922,-0.0902486776253457
jp,33,9,0.10094744444444444,1.2824491353444398,0.11046044444444444,1.1392455639103183,0.05785833333333333,1.4099938216414527,0.05910288888888889,1.0251365617362849,0.08303833333333334,0.24979629572696238,0.007400777777777778,1.144912162177493,-0.026765555555555556,0.7312524138050812,Healthcare Rights and Institutions,Healthcare Rights and Instit…,JP · T33 · Healthcare Rights and Instit…,sanctity,0.24979629572696238,Sanctity,0.08303833333333334,2.576872154034313,0.5707044627217054
jp,5,16,0.083823625,0.5940943064596295,0.1012713125,0.7314645417911567,0.0410785625,0.7171523156273285,0.0476578125,0.5606992489330727,0.0982065625,0.8776227613196247,-0.012475625,0.26423081200819787,-0.0318423125,0.5321109324814963,Catholic-Lutheran Communion Disputes,Catholic-Lutheran Communion …,JP · T5 · Catholic-Lutheran Communion …,realistic_threat,0.26423081200819787,Realistic Threat,-0.012475625,1.6785651868282536,0.05595919244829342
jp,35,5,0.1022872,1.3363055316457406,0.09573380000000001,0.4857294145887631,0.0473018,0.9741115604591034,0.0466316,0.5190558942126298,0.08897279999999999,0.49542913734426614,-0.009435,0.39895447203346013,-0.021115000000000002,0.9529017887797746,"The Poor, Wealth, and Relief","The Poor, Wealth, and Relief","JP · T35 · The Poor, Wealth, and Relief",realistic_threat,0.39895447203346013,Realistic Threat,-0.009435,2.009059084083091,0.24919553650992518
zh,23,1,0.125883,-2.4107475101048146,0.131832,-2.688932152689479,0.058346,-2.1351916091468213,0.059781,-2.461715537950479,0.118652,-2.2167028212522406,-0.006115,0.2971159051404204,-0.058032,-0.4366136122385966,Historical Critiques of Christian Violence,Historical Critiques of Chri…,ZH · T23 · Historical Critiques of Chri…,fairness,-2.688932152689479,Fairness,0.131832,,
zh,16,2,0.1610685,-0.7362930635041094,0.180035,-0.08906060349959638,0.1124445,0.18957813485151778,0.1092715,-0.3438363479772705,0.157316,-0.48292979818503856,-0.046686500000000006,-1.662307415147387,-0.031828999999999996,0.5881231254041679,Canadian Immigration and Cultural Disputes,Canadian Immigration and Cul…,ZH · T16 · Canadian Immigration and Cul…,realistic_threat,-1.662307415147387,Realistic Threat,-0.046686500000000006,,
zh,42,12,0.16133058333333333,-0.723820692701366,0.16474750000000002,-0.9136054722471917,0.08085166666666667,-1.168057715689912,0.08076058333333333,-1.5639225684719849,0.15529791666666667,-0.5734247920199983,-0.011970083333333333,0.014341375592294156,-0.0733735,-1.0365830302650239,Faith and Heresy Debates,Faith and Heresy Debates,ZH · T42 · Faith and Heresy Debates,authority,-1.5639225684719849,Authority,0.08076058333333333,-2.3774772988336235,-0.08413343617339963
zh,31,1,0.164495,-0.5732282168690662,0.180197,-0.08032298984549292,0.079905,-1.208738733173177,0.093926,-1.0005263209970194,0.159967,-0.36405352350701436,-0.042468,-1.4585725944817935,-0.06062,-0.5378241101594253,Antisemitism and Religious Persecution,Antisemitism and Religious P…,ZH · T31 · Antisemitism and Religious P…,realistic_threat,-1.4585725944817935,Realistic Threat,-0.042468,,
zh,39,15,0.1623064,-0.6773822292272907,0.16175,-1.075278292791487,0.0853232,-0.9759029350099785,0.09819346666666666,-0.8179058413648138,0.15193146666666665,-0.7243833114050744,-0.0342142,-1.0599506997775923,-0.0816172,-1.3589744451452153,Religious Controversies and Social Critiques,Religious Controversies and …,ZH · T39 · Religious Controversies and …,symbolic_threat,-1.3589744451452153,Symbolic Threat,-0.0816172,-2.3183428813785136,-1.1168541381083201
zh,46,5,0.1502774,-1.2498343057406236,0.1595494,-1.193969605181738,0.0900152,-0.7742740610330622,0.1053844,-0.5101795491844691,0.14179760000000002,-1.178806667654469,-0.017593,-0.25722053473149586,-0.0651084,-0.713354712504034,Religious Beliefs and Social Controversies,Religious Beliefs and Social…,ZH · T46 · Religious Beliefs and Social…,harm,-1.2498343057406236,Harm,0.1502774,-2.2937442338057266,0.04340982227998885
zh,40,14,0.18989271428571428,0.6354320442955761,0.17483585714285715,-0.3694809838589,0.10720992857142857,-0.03536661001092806,0.12032185714285715,0.1290487801711408,0.17323607142857142,0.2309588415873606,-0.02529007142857143,-0.6289549112042377,-0.0786315,-1.242210850229366,Critique of Money and Religious Manipulation,Critique of Money and Religi…,ZH · T40 · Critique of Money and Religi…,symbolic_threat,-1.242210850229366,Symbolic Threat,-0.0786315,-0.1627837906117687,-1.4279167530192647
zh,25,4,0.17416025000000002,-0.11326542424120922,0.1733425,-0.4500265255989119,0.0876585,-0.8755483081134967,0.102042,-0.653213048635201,0.143295,-1.1116601819121554,-0.0352165,-1.1083573397569983,-0.04375,0.12192129166606933,Social Division and Racial Antagonism,Social Division and Racial A…,ZH · T25 · Social Division and Racial A…,sanctity,-1.1116601819121554,Sanctity,0.143295,,
zh,0,4,0.18181,0.25078106942475364,0.18278125,0.05906082549782554,0.11451325,0.2784783337090935,0.1309455,0.5836732460555101,0.17100175,0.13076728826338707,-0.035208249999999996,-1.1079589013854227,-0.03688225,0.3905025888437246,Separation of Church & State / Japan,Separation of Church & State…,ZH · T0 · Separation of Church & State…,realistic_threat,-1.1079589013854227,Realistic Threat,-0.035208249999999996,,
zh,17,16,0.1539415625,-1.075459259451881,0.1635145,-0.9801084206145366,0.0887711875,-0.8277328929998585,0.0919789375,-1.0838482343001221,0.145467875,-1.014224012413471,-0.0161456875,-0.18732176677260737,-0.0502003125,-0.13033502203947367,Pagan-Christian Conflicts,Pagan-Christian Conflicts,ZH · T17 · Pagan-Christian Conflicts,authority,-1.0838482343001221,Authority,0.0919789375,-2.1376101109604098,0.42166189547865285
zh,28,15,0.17020126666666666,-0.3016707970941767,0.178483,-0.17276909974138022,0.08822413333333333,-0.8512414001672457,0.1088534,-0.3617283735039433,0.1625113333333333,-0.24996040083414078,-0.020551866666666665,-0.400120657928541,-0.07269206666666667,-1.0099338003706975,Burke vs. Pope Francis,Burke vs. Pope Francis,ZH · T28 · Burke vs. Pope Francis,symbolic_threat,-1.0099338003706975,Symbolic Threat,-0.07269206666666667,-1.1680517683289875,-0.7679416509159327
zh,43,21,0.20548428571428573,1.3774245158552794,0.1989295714285714,0.9300348613320301,0.13077914285714284,0.9774710150848138,0.16044395238095238,1.84601972536032,0.1937452857142857,1.1506340550385266,-0.03175523809523809,-0.9411937570988694,-0.034427238095238094,0.4865122400348043,Missionaries and Confucianism,Missionaries and Confucianis…,ZH · T43 · Missionaries and Confucianis…,realistic_threat,-0.9411937570988694,Realistic Threat,-0.03175523809523809,2.704609089674692,-1.2991542493120796
zh,4,112,0.15703604464285714,-0.9281949209023755,0.16809248214285713,-0.7331908941968112,0.10054882142857144,-0.3216137397325563,0.10816339285714285,-0.3912562984347889,0.15102166964285715,-0.7651804750805292,-0.01105100892857143,0.05872858882744969,-0.04450375,0.09244392968468429,"Religion, Sexuality, and Violence","Religion, Sexuality, and Vio…","ZH · T4 · Religion, Sexuality, and Vio…",harm,-0.9281949209023755,Harm,0.15703604464285714,-1.264170211135243,0.5529879364755679
zh,6,39,0.16790274358974358,-0.41105597527178334,0.17830607692307693,-0.182311602782424,0.08846392307692308,-0.8409369381060322,0.11309558974358974,-0.1801895856988797,0.1540318717948718,-0.6301968395244087,-0.02181328205128205,-0.4610414205620448,-0.06165428205128206,-0.5782724105461458,Church Abuse Victims,Church Abuse Victims,ZH · T6 · Church Abuse Victims,loyalty,-0.8409369381060322,Loyalty,0.08846392307692308,-1.168762087917819,-0.5052539886373829
zh,27,9,0.17464066666666667,-0.09040271591757935,0.17631444444444444,-0.2897320666049891,0.10485033333333332,-0.1367652738852752,0.09810911111111112,-0.8215157235779604,0.15459877777777778,-0.6047756130662622,-0.0069366666666666665,0.2574330531835094,-0.04274611111111112,0.1611809880731914,Bakery and Religious Freedom Legal Conflicts,Bakery and Religious Freedom…,ZH · T27 · Bakery and Religious Freedom…,authority,-0.8215157235779604,Authority,0.09810911111111112,-0.6910467974192925,0.47480206943643893
zh,11,17,0.15960182352941177,-0.806091217229397,0.18252188235294117,0.04507160145847998,0.09484564705882353,-0.5666957146401178,0.09924858823529412,-0.7727533370844374,0.16189441176470587,-0.2776244286904044,-0.020427764705882354,-0.3941270842116652,-0.05851741176470588,-0.45559690682998405,2017 Pakistan Religious Violence,2017 Pakistan Religious Viol…,ZH · T11 · 2017 Pakistan Religious Viol…,harm,-0.806091217229397,Harm,0.15960182352941177,-1.1932375457613562,-0.22246915418393484
zh,15,5,0.16068480000000002,-0.7545530902526478,0.1675236,-0.7638740570301715,0.1023846,-0.24272500012725057,0.11106919999999998,-0.2669062013872213,0.158116,-0.44705615814640465,0.0017512,0.6770184407146029,-0.0321278,0.576437771161995,Authenticity and Faith in Catholicism,Authenticity and Faith in Ca…,ZH · T15 · Authenticity and Faith in Ca…,fairness,-0.7638740570301715,Fairness,0.1675236,-0.7622280634076483,1.1773761449852964
zh,18,10,0.1678376,-0.4141561152019729,0.1697401,-0.6443251640405365,0.0930219,-0.6450674251877098,0.10087299999999999,-0.7032388267760299,0.1572709,-0.48495217464221724,-0.011403100000000001,0.04172415329456917,-0.056671700000000005,-0.38341552865215794,Internal Discussions in Catholicism,Internal Discussions in Cath…,ZH · T18 · Internal Discussions in Cath…,authority,-0.7032388267760299,Authority,0.10087299999999999,-1.3040530580911331,0.08586512130830341
zh,44,17,0.18487558823529412,0.3966703662099362,0.19627317647058826,0.7867598437050783,0.10249776470588234,-0.23786198388236823,0.11709647058823529,-0.008977286723576483,0.17298558823529414,0.21972666169816338,-0.01628370588235294,-0.19398744186499364,-0.06423994117647058,-0.6793913624448576,Pope Francis: Conflicts and Mercy,Pope Francis: Conflicts and …,ZH · T44 · Pope Francis: Conflicts and …,symbolic_threat,-0.6793913624448576,Symbolic Threat,-0.06423994117647058,0.2647163493094191,-0.8215127734736816
zh,1,48,0.17797700000000002,0.06837115926799871,0.17953047916666667,-0.11627238203115887,0.10213941666666666,-0.2532612404123969,0.11313289583333334,-0.17859312191032992,0.16740535416666666,-0.03050247368841877,-0.026075479166666665,-0.6668866178938674,-0.0598798125,-0.5088771451556489,Christians and Trump's Politics,Christians and Trump's Polit…,ZH · T1 · Christians and Trump's Polit…,realistic_threat,-0.6668866178938674,Realistic Threat,-0.026075479166666665,-0.4280222699009006,-0.8060366275289369
zh,8,25,0.18625792,0.4624546117113265,0.18728563999999998,0.30200909443244384,0.1073886,-0.02768857954317354,0.11312804,-0.17880092074781676,0.15648672,-0.5201164134490874,-0.0013996800000000002,0.5248449260200897,-0.06348396,-0.6498267444814256,Pro-Life and Women's Autonomy,Pro-Life and Women's Autonom…,ZH · T8 · Pro-Life and Women's Autonom…,symbolic_threat,-0.6498267444814256,Symbolic Threat,-0.06348396,-0.06999672342317735,-0.1493440178228792
zh,21,24,0.18576425,0.43896118610551227,0.18125899999999998,-0.023043078113035218,0.10998804166666666,0.08401698231076478,0.11920874999999999,0.0814148614581013,0.17006729166666668,0.08886426091200911,-0.025199333333333334,-0.6245726640640527,-0.05638583333333333,-0.3722359661821808,Adventist Church,Adventist Church,ZH · T21 · Adventist Church,realistic_threat,-0.6245726640640527,Realistic Threat,-0.025199333333333334,0.12953653159933112,-0.8570518568991552
zh,38,18,0.16349811111111112,-0.6206694933257554,0.17368755555555557,-0.43141564823072287,0.0942495,-0.5923138860372276,0.10372316666666666,-0.5812697888538297,0.16622133333333333,-0.08359639515497383,-0.0190755,-0.3288187027146041,-0.05013672222222222,-0.1278481581767176,Opposition and Impact of Religious Beliefs,Opposition and Impact of Rel…,ZH · T38 · Opposition and Impact of Rel…,harm,-0.6206694933257554,Harm,0.16349811111111112,-1.0482785686261036,-0.04105670198329521
zh,3,54,0.1735747962962963,-0.14112677500915408,0.1791323888888889,-0.13774373417114066,0.10192894444444445,-0.2623058433898236,0.1029372037037037,-0.6149040136717027,0.15529418518518517,-0.5735921192993454,-0.011332296296296297,0.04514365782853474,-0.04954135185185185,-0.10456464518116375,LGBTQ Issues and Youth Alienation,LGBTQ Issues and Youth Alien…,ZH · T3 · LGBTQ Issues and Youth Alien…,authority,-0.6149040136717027,Authority,0.1029372037037037,-0.7191276745843458,0.1280071362646997
zh,19,19,0.17708463157894738,0.025903942072346323,0.18965184210526315,0.4296323032183469,0.09630831578947369,-0.5038405890727188,0.10340647368421052,-0.5948222378522113,0.1691564210526316,0.04801895524992835,-0.0010972105263157895,0.5394528586923355,-0.05534857894736842,-0.33167142488617146,Doctrines of Religion and Salvation,Doctrines of Religion and Sa…,ZH · T19 · Doctrines of Religion and Sa…,authority,-0.5948222378522113,Authority,0.10340647368421052,-0.2785613082052602,0.1502281005157885
zh,35,13,0.200303,1.130850588999204,0.18714076923076922,0.29419536102928756,0.1267863076923077,0.8058872857026422,0.13056838461538461,0.567535101860247,0.1777403846153846,0.43294147894362367,-0.02397923076923077,-0.5656471272402844,-0.03701461538461538,0.3853260948389312,"The Poor, Wealth, and Relief","The Poor, Wealth, and Relief","ZH · T35 · The Poor, Wealth, and Relief",realistic_threat,-0.5656471272402844,Realistic Threat,-0.02397923076923077,1.4675929983745948,-0.6935537852427878
zh,13,17,0.17477211764705883,-0.08414705154936879,0.1730144117647059,-0.46772225550296503,0.10485011764705882,-0.1367745425512303,0.11813076470588235,0.03528393488615484,0.1597865882352941,-0.3721435568892564,-0.022062235294117646,-0.4730647568861477,-0.056879058823529415,-0.3915248369124706,Religion in Public vs. Catholic Schools,Religion in Public vs. Catho…,ZH · T13 · Religion in Public vs. Catho…,realistic_threat,-0.4730647568861477,Realistic Threat,-0.022062235294117646,-0.5734776855238161,-0.501931140826433
zh,7,37,0.17464897297297297,-0.0900074243477728,0.18008772972972972,-0.08621657876833902,0.10450067567567568,-0.15179107946731263,0.11198097297297298,-0.22788810689556185,0.1662097837837838,-0.08411430063390987,0.0015265405405405406,0.6661683862678085,-0.05894502702702703,-0.47231991827436914,Religion and Natural Disasters,Religion and Natural Disaste…,ZH · T7 · Religion and Natural Disaste…,symbolic_threat,-0.47231991827436914,Symbolic Threat,-0.05894502702702703,-0.3088533660797234,0.22694819550897863
zh,45,15,0.16783586666666667,-0.41423860337771135,0.19050773333333335,0.4757955555690481,0.10609406666666667,-0.08331843852134585,0.11091326666666666,-0.2735791580494052,0.15755793333333334,-0.47208101154335547,-0.0153314,-0.1479952958036055,-0.057682,-0.4229259483003084,Life and Responsibility,Life and Responsibility,ZH · T45 · Life and Responsibility,sanctity,-0.47208101154335547,Sanctity,0.15755793333333334,-0.45758431330233656,-0.22623816780931233
zh,36,9,0.1875178888888889,0.5224156896718087,0.184832,0.16966984525802983,0.10391044444444444,-0.17715503056261575,0.10715733333333334,-0.43430925868676745,0.16726911111111112,-0.03661189160437344,-0.017691888888888885,-0.26199642901704706,-0.04654211111111111,0.012728495759642126,Internal Divisions in Catholicism,Internal Divisions in Cathol…,ZH · T36 · Internal Divisions in Cathol…,authority,-0.43430925868676745,Authority,0.10715733333333334,0.027929995266306528,-0.3441484160641753
zh,10,46,0.16995534782608696,-0.3133739104821229,0.17665954347826088,-0.27111884419824606,0.09892923913043479,-0.3912118972530675,0.1100765652173913,-0.3093846679480871,0.16401080434782608,-0.18272104655629207,-0.006367326086956522,0.2849296754200606,-0.05119380434782609,-0.169188115006538,Conflicts and Reflections on the Bible,Conflicts and Reflections on…,ZH · T10 · Conflicts and Reflections on…,loyalty,-0.3912118972530675,Loyalty,0.09892923913043479,-0.6188064602026987,0.23665472643716556
zh,22,28,0.17618575,-0.01687323195774813,0.17936471428571427,-0.12521305787795142,0.10381710714285715,-0.18116600563062318,0.11021325,-0.30353542704987496,0.16482221428571428,-0.146335761511827,-0.006604857142857142,0.2734579800125882,-0.05384364285714286,-0.27281696931014576,Social Observations and Religious Critique,Social Observations and Reli…,ZH · T22 · Social Observations and Reli…,authority,-0.30353542704987496,Authority,0.11021325,-0.34768868106419026,0.06296994663831153
zh,24,12,0.19111124999999998,0.6934213451475602,0.19426033333333334,0.6781953642010823,0.11362016666666667,0.24009994776119273,0.12358258333333333,0.26858715911275854,0.18171800000000002,0.6113059070934072,-0.01730125,-0.24313030504578134,-0.0456335,0.04826210587245236,Reforms and Divisions in Catholicism,Reforms and Divisions in Cat…,ZH · T24 · Reforms and Divisions in Cat…,realistic_threat,-0.24313030504578134,Realistic Threat,-0.01730125,1.0540344246264333,-0.5685147581416236
zh,29,14,0.172142,-0.20931259386653434,0.1840690714285714,0.1285206162282761,0.128719,0.888940690166378,0.129642,0.5278917218411644,0.179326,0.5040437233778904,0.016400571428571428,1.3845180403030029,0.003481357142857143,1.969026845725212,Christian Principles and Criticisms,Christian Principles and Cri…,ZH · T29 · Christian Principles and Cri…,harm,-0.20931259386653434,Harm,0.172142,1.5625005708625248,2.072593873284306
zh,30,27,0.18618185185185185,0.4588345793425567,0.1890105925925926,0.3950459421220649,0.12326733333333334,0.6546667320893343,0.13185937037037038,0.6227810958396205,0.1869885185185185,0.8476467622812693,-0.016572185185185186,-0.2079197113987764,-0.017746703703703706,1.1388480944987547,Christian Development / Denominational Differences,Christian Development / Deno…,ZH · T30 · Christian Development / Deno…,realistic_threat,-0.2079197113987764,Realistic Threat,-0.016572185185185186,1.594426616380528,0.14890631275819885
zh,9,72,0.17305775,-0.1657326629440067,0.18311479166666667,0.07705069105880777,0.11177598611111111,0.16085015048353044,0.12411669444444444,0.29144372365253285,0.17864119444444446,0.4733356383823188,-0.014193125000000001,-0.09302166702723283,-0.032181375,0.5743425808891556,Divine-Human Nature / Jesus,Divine-Human Nature / Jesus,ZH · T9 · Divine-Human Nature / Jesus,harm,-0.1657326629440067,Harm,0.17305775,0.5205329569168066,0.19350375369890047
zh,32,2,0.173885,-0.12636438791735,0.192212,0.5677166895005319,0.1131105,0.21819809010911073,0.13092399999999998,0.5827531825567694,0.1651935,-0.12968654892961057,-0.010792,0.07123757012726896,-0.048247,-0.053945636135308866,Church Doctrine and Sacramental Validity,Church Doctrine and Sacramen…,ZH · T32 · Church Doctrine and Sacramen…,sanctity,-0.12968654892961057,Sanctity,0.1651935,,
zh,12,29,0.17446944827586205,-0.09855088478892043,0.18501813793103447,0.1797093596268787,0.10906293103448275,0.04426229026658012,0.11471244827586208,-0.11099830578394286,0.16731789655172413,-0.03442425243477606,0.014194448275862068,1.2779720867926425,-0.04235889655172414,0.17632402453290935,Communion for Divorced and Remarried,Communion for Divorced and R…,ZH · T12 · Communion for Divorced and R…,authority,-0.11099830578394286,Authority,0.11471244827586208,0.2217450216696544,1.0063367470609643
zh,2,78,0.1859816282051282,0.44930606971299286,0.18860361538461537,0.3730952655212584,0.12113047435897435,0.5628396926930281,0.13272,0.6596105799399415,0.18046334615384615,0.555044656530893,-0.014004871794871794,-0.08392987302782118,-0.04253832051282051,0.1693071820130131,Women and Ordination,Women and Ordination,ZH · T2 · Women and Ordination,realistic_threat,-0.08392987302782118,Realistic Threat,-0.014004871794871794,1.1602037059671093,-0.30864884090101563
zh,37,21,0.18745090476190476,0.5192279598035323,0.19071447619047616,0.48694641489904694,0.11501761904761904,0.3001525372769191,0.11700723809523808,-0.012795870896057937,0.18703785714285714,0.8498592073431762,0.0018453333333333334,0.6815646627805793,-0.047955809523809526,-0.04255787219209345,Religious Beliefs and Social Phenomena,Religious Beliefs and Social…,ZH · T37 · Religious Beliefs and Social…,symbolic_threat,-0.04255787219209345,Symbolic Threat,-0.047955809523809526,0.9898339061782487,0.1278276440859
zh,33,8,0.21030712499999998,1.6069402165616737,0.20253812499999999,1.124665398105357,0.138085625,1.2914517838820712,0.13473949999999998,0.746032358344906,0.176039875,0.35668714166294335,-0.01182925,0.021143000319188653,-0.042955,0.15301184261160983,Healthcare Rights and Institutions,Healthcare Rights and Instit…,ZH · T33 · Healthcare Rights and Instit…,realistic_threat,0.021143000319188653,Realistic Threat,-0.01182925,2.2788767264604135,-0.6473448037573879
zh,5,28,0.19071778571428571,0.6746966425628916,0.1950184642857143,0.7190858293931963,0.12772942857142858,0.8464159303917433,0.1297542142857143,0.5326937808329303,0.17938553571428573,0.506713426857551,-0.010837535714285714,0.06903839729714455,-0.03792228571428572,0.34982927644098033,Catholic-Lutheran Communion Disputes,Catholic-Lutheran Communion …,ZH · T5 · Catholic-Lutheran Communion …,realistic_threat,0.06903839729714455,Realistic Threat,-0.010837535714285714,1.530691210627607,-0.164419722738857
zh,34,14,0.20247735714285714,1.2343267932979962,0.1861802142857143,0.24238697829207226,0.12655042857142856,0.7957508744627612,0.13151135714285714,0.6078883392017673,0.1762995,0.3683292589067313,-0.010317357142857144,0.09416071280362416,-0.03188257142857143,0.5860280748013686,Church-State Relations and Charities,Church-State Relations and C…,ZH · T34 · Church-State Relations and C…,realistic_threat,0.09416071280362416,Realistic Threat,-0.010317357142857144,1.6226207647065807,-0.1335273268134057
zh,20,43,0.1883726976744186,0.5630954688968755,0.1887307906976744,0.37995457880428013,0.11913532558139535,0.47710235223273895,0.1308024418604651,0.577551265944636,0.1775216976744186,0.4231351081919177,-0.008436976744186047,0.18497473752955818,-0.033484418604651164,0.5233836581537246,Nuns and Religious Culture,Nuns and Religious Culture,ZH · T20 · Nuns and Religious Culture,realistic_threat,0.18497473752955818,Realistic Threat,-0.008436976744186047,1.231239027011105,0.0761797555916629
zh,14,18,0.18596216666666668,0.4483799080948658,0.19012783333333333,0.45530531219130715,0.11511627777777776,0.3043921895936066,0.12202661111111111,0.2020014267071291,0.17562066666666667,0.3378889805989485,-0.007050944444444445,0.25191394388835275,-0.04170561111111112,0.20187245758115985,Public Prayer and Religious Freedom,Public Prayer and Religious …,ZH · T14 · Public Prayer and Religious …,symbolic_threat,0.20187245758115985,Symbolic Threat,-0.04170561111111112,0.8544191968112982,0.01731197331416248
zh,26,36,0.18703199999999998,0.4992925619472099,0.19240658333333335,0.5782117141313616,0.13142275,1.005128684201989,0.1445411388888889,1.165480273205534,0.1912464722222222,1.0385821353660656,-0.0008473333333333332,0.5515208177063695,-0.02467591666666667,0.8678631276591324,Priests and Complexities of Faith,Priests and Complexities of …,ZH · T26 · Priests and Complexities of …,harm,0.4992925619472099,Harm,0.18703199999999998,2.152555067173172,0.4140911485205159
