term_a,term_b,co_doc_count,pmi,tscore,score
查看,点击,6,5.1836544582279025,2.43575428628159,0.9111776279705789
展开,点击,6,5.1836544582279025,2.43575428628159,0.9111776279705789
展开,查看,6,5.1836544582279025,2.43575428628159,0.9111776279705789
完整,点击,6,5.029503778400645,2.4334650435313256,0.899685152499007
完整,展开,6,5.029503778400645,2.4334650435313256,0.899685152499007
完整,查看,6,5.029503778400645,2.4334650435313256,0.899685152499007
父母,门徒,4,4.960510906913694,1.985981308411215,0.8744628041161047
图片,展开,6,4.8959723857761235,2.431175800781061,0.8897161461666684
亵渎,圣灵,5,4.8959723857761235,2.219349712247455,0.880189653519704
图片,查看,6,4.8959723857761235,2.431175800781061,0.8897161461666684
图片,点击,6,4.8959723857761235,2.431175800781061,0.8897161461666684
大叔,门徒,3,4.855150391255869,1.7185613152980916,0.8546514481743552
地上,门徒,3,4.855150391255869,1.7185613152980916,0.8546514481743552
地上,大叔,3,4.855150391255869,1.7185613152980916,0.8546514481743552
图片,完整,6,4.741821705948866,2.428123477114042,0.878189352520254
大叔,观点,3,4.6728288344619155,1.7158634168439346,0.8410591710083293
业务,回到,3,4.6728288344619155,1.7158634168439346,0.8410591710083293
乃是,门徒,3,4.6728288344619155,1.7158634168439346,0.8410591710083293
观点,门徒,3,4.6728288344619155,1.7158634168439346,0.8410591710083293
我来,门徒,3,4.6728288344619155,1.7158634168439346,0.8410591710083293
地上,父母,3,4.6728288344619155,1.7158634168439346,0.8410591710083293
地上,观点,3,4.6728288344619155,1.7158634168439346,0.8410591710083293
安息日,礼拜,4,4.6728288344619155,1.9813084112149533,0.8529970763180799
乃是,地上,3,4.6728288344619155,1.7158634168439346,0.8410591710083293
世上,地上,3,4.6728288344619155,1.7158634168439346,0.8410591710083293
世上,大叔,3,4.6728288344619155,1.7158634168439346,0.8410591710083293
大叔,我来,3,4.6728288344619155,1.7158634168439346,0.8410591710083293
世上,门徒,3,4.6728288344619155,1.7158634168439346,0.8410591710083293
念,阿米,6,4.6728288344619155,2.426597315280532,0.8730231340134357
大叔,父母,3,4.6728288344619155,1.7158634168439346,0.8410591710083293
地上,我来,3,4.6728288344619155,1.7158634168439346,0.8410591710083293
禁果,蛇,3,4.6728288344619155,1.7158634168439346,0.8410591710083293
乃是,大叔,3,4.6728288344619155,1.7158634168439346,0.8410591710083293
亚当,禁果,4,4.624038670292484,1.980373831775701,0.8493501530219763
亚当,蛇,3,4.518678154634658,1.7131655183897774,0.8295483169905393
乃是,阿米,3,4.490507277667962,1.7126259386989462,0.8274426272281541
乃是,我来,3,4.490507277667962,1.7126259386989462,0.8274426272281541
我来,观点,3,4.490507277667962,1.7126259386989462,0.8274426272281541
世上,乃是,3,4.490507277667962,1.7126259386989462,0.8274426272281541
世上,我来,3,4.490507277667962,1.7126259386989462,0.8274426272281541
世上,父母,3,4.490507277667962,1.7126259386989462,0.8274426272281541
世上,观点,3,4.490507277667962,1.7126259386989462,0.8274426272281541
我来,父母,3,4.490507277667962,1.7126259386989462,0.8274426272281541
父母,观点,3,4.490507277667962,1.7126259386989462,0.8274426272281541
乃是,观点,3,4.490507277667962,1.7126259386989462,0.8274426272281541
乃是,父母,3,4.490507277667962,1.7126259386989462,0.8274426272281541
女,男,3,4.336356597840706,1.7093884605539575,0.8159075065962154
微博,转发,5,4.241046418036382,2.203885316889045,0.8311045491412281
传统,砸,3,4.085042169559804,1.7029135042639802,0.7970477809740126
红领巾,阿米,3,4.085042169559804,1.7029135042639802,0.7970477809740126
圣母,婊,13,4.085042169559804,3.544897141858053,0.8798876412614991
世俗,张角,3,4.085042169559804,1.7029135042639802,0.7970477809740126
业务,记得,3,4.066693030891608,1.702373924573149,0.7956677765878613
一点,业务,3,4.066693030891608,1.702373924573149,0.7956677765878613
异端,阿米,6,4.030974948289529,2.40599413052815,0.8246727609928342
加尔文,红领巾,5,3.989731989755481,2.194690271000261,0.8121224924419543
傻,逻辑,3,3.9796816539019795,1.699676026118992,0.7891175526295433
意志,自由,3,3.9796816539019795,1.699676026118992,0.7891175526295433
业务,见,3,3.9796816539019795,1.699676026118992,0.7891175526295433
乃是,念,3,3.9796816539019795,1.699676026118992,0.7891175526295433
受,影响,3,3.9151431327644097,1.6975177073556662,0.7842520165222693
教育,社会,5,3.9027206127658527,2.1909286613184853,0.8055244300079389
业务,写,3,3.899638946228445,1.6969781276648346,0.7830822132324717
回到,记得,3,3.8843714740976565,1.6964385479740034,0.7819298997369407
一点,回到,3,3.8843714740976565,1.6964385479740034,0.7819298997369407
婊,牺牲,4,3.8508487820590136,1.9574766355140187,0.7911927670298065
亵渎,异端,4,3.807831396975324,1.955607476635514,0.7879303381766167
爱,门徒,4,3.807831396975324,1.955607476635514,0.7879303381766167
参加,心,3,3.7973600971080286,1.6932010698290147,0.7753554091644739
回到,见,3,3.7973600971080286,1.6932010698290147,0.7753554091644739
女人,男人,4,3.7973600971080286,1.9551401869158878,0.787135644026737
写,回到,3,3.717317389434494,1.689963591684026,0.7692958031532531
异端,念,7,3.6743000043508043,2.5786361242685594,0.8060838654093865
不到,社会,3,3.643209417280774,1.6867261135390377,0.7636746888476404
爱,父母,4,3.625509840181374,1.9467289719626168,0.7740600994993144
事,这件,5,3.608118097469505,2.175464265960076,0.7830620529110702
加尔文,圣灵,3,3.5966894016458824,1.6845677947757118,0.7601404614708056
十字架,钉,7,3.5837859968099752,2.5722778434141986,0.7991102283329872
岁,时,3,3.5742165457938246,1.683488635394049,0.7584315070056128
念,红领巾,3,3.5742165457938246,1.683488635394049,0.7584315070056128
两个,手上,4,3.5742165457938246,1.9439252336448598,0.770144168818953
小心,邪教,4,3.525426381624394,1.9411214953271028,0.7664131835055816
圣母,牺牲,4,3.525426381624394,1.9411214953271028,0.7664131835055816
地上,爱,3,3.5201493245235502,1.680790736939892,0.7543153829297524
大叔,爱,3,3.5201493245235502,1.680790736939892,0.7543153829297524
唯一,请,3,3.5096780246562553,1.6802511572490604,0.7535174376700405
不去,撒旦,3,3.5096780246562553,1.6802511572490604,0.7535174376700405
孩子,生命,3,3.5096780246562553,1.6802511572490604,0.7535174376700405
反,教廷,3,3.4789063659895025,1.6786324181765662,0.751171054270563
吃,禁果,4,3.4789063659895025,1.9383177570093457,0.7628499295594416
佛祖,逻辑,3,3.4688560301360014,1.678092838485735,0.7504042122045473
宗教信仰,社会,3,3.3918949889998755,1.6737762009590835,0.744523763855649
真的,逼,3,3.3918949889998755,1.6737762009590835,0.744523763855649
一点,机会,3,3.3735458503316798,1.6726970415774205,0.7431194928553484
加尔文,念,3,3.3735458503316798,1.6726970415774205,0.7431194928553484
佛教,相,5,3.3591051661768856,2.1583280440764323,0.7638929038480757
乃是,爱,3,3.3378277677296015,1.6705387228140949,0.7403833731656395
乃是,异端,3,3.3378277677296015,1.6705387228140949,0.7403833731656395
我来,爱,3,3.3378277677296015,1.6705387228140949,0.7403833731656395
爱,观点,3,3.3378277677296015,1.6705387228140949,0.7403833731656395
世上,爱,3,3.3378277677296015,1.6705387228140949,0.7403833731656395
圣灵,异端,4,3.3378277677296015,1.9289719626168225,0.7520059375804155
历史,虚构,3,3.3290940877608475,1.6699991431232633,0.7397138130564478
伊斯兰教,犹太教,4,3.3247556861622494,1.9280373831775701,0.7509980675174246
民族,西方,3,3.2949027230125694,1.6678408243599379,0.7370904958856481
听,梵蒂冈,3,3.2865344733420527,1.6673012446691062,0.7364479358262852
人性,地狱,3,3.2865344733420527,1.6673012446691062,0.7364479358262852
一点,记得,3,3.278235670527358,1.666761664978275,0.7358105068920004
死,犹大,3,3.2457124788217993,1.6646033462149492,0.7333104437466429
东方,邪教,3,3.237744309172623,1.6640637665241176,0.7326974438539211
异端,红领巾,4,3.2200447320732226,1.9200934579439253,0.7429041685537909
回复,攻击,3,3.2064917656685195,1.661905447760792,0.7302912633584682
不吃,吃,3,3.1912242935377315,1.6608262883791292,0.7291146832487881
见,记得,3,3.1912242935377315,1.6608262883791292,0.7291146832487881
一点,见,3,3.1912242935377315,1.6608262883791292,0.7291146832487881
点,笑话,3,3.1836770879023493,1.6602867086882978,0.7285327865497626
信徒,脑残,4,3.1577016014990895,1.9149532710280375,0.7380667361826516
历史,第一次,3,3.1467725309668997,1.6575888102341405,0.7256847368357384
历史,真实,3,3.1467725309668997,1.6575888102341405,0.7256847368357384
中世纪,回到,3,3.1467725309668997,1.6575888102341405,0.7256847368357384
回复,红领巾,5,3.1295307245323944,2.1382661257736304,0.7460284020770998
写,记得,3,3.1111815858641987,1.6548909117799835,0.7229337441668221
一点,写,3,3.1111815858641987,1.6548909117799835,0.7229337441668221
孔子,手上,3,3.104212916548106,1.654351332089152,0.7223945929914268
做,地上,3,3.0972924737035323,1.6538117523983207,0.7218590050595293
做,门徒,3,3.0972924737035323,1.6538117523983207,0.7218590050595293
做,大叔,3,3.0972924737035323,1.6538117523983207,0.7218590050595293
人类,智慧,3,3.0633909220278523,1.6511138539441637,0.7192328342976354
异端,真理,3,3.0501456952778323,1.6500346945625006,0.7182056690731192
皇帝,罗马,3,3.0435882947316735,1.6494951148716692,0.7176969047521657
不到,找,3,3.03707361371048,1.6489555351808378,0.7171912967904641
佛教,皆,3,3.0306010992048633,1.6484159554900062,0.7166888043285641
回复,阿米,3,3.024170208874573,1.647876375799175,0.7161893872953117
写,见,3,3.024170208874573,1.647876375799175,0.7161893872953117
加尔文,异端,4,3.0193740366110804,1.902336448598131,0.7272788975224644
一种,逻辑,3,2.9988524008902844,1.6457180570358492,0.7142216985054668
撒旦,邪恶,3,2.9988524008902844,1.6457180570358492,0.7142216985054668
传教,传教士,10,2.9536400580687387,2.9973663578904395,0.7716690771235553
世上,做,3,2.9149709169095868,1.638163941364209,0.7076843291539255
做,父母,3,2.9149709169095868,1.638163941364209,0.7076843291539255
做,我来,3,2.9149709169095868,1.638163941364209,0.7076843291539255
做,观点,3,2.9149709169095868,1.638163941364209,0.7076843291539255
乃是,做,3,2.9149709169095868,1.638163941364209,0.7076843291539255
好好,教堂,3,2.9149709169095868,1.638163941364209,0.7076843291539255
智慧,神,3,2.909240242200602,1.6376243616733779,0.7072366479968641
成就,神,3,2.909240242200602,1.6376243616733779,0.7072366479968641
传教,儒家,3,2.881069365233907,1.6349264632192209,0.7050338917778827
真的,逻辑,3,2.881069365233907,1.6349264632192209,0.7050338917778827
故事,讲,4,2.881069365233907,1.8878504672897196,0.7164086883466072
佛祖,真的,3,2.881069365233907,1.6349264632192209,0.7050338917778827
东正教,天主教,8,2.881069365233907,2.6698237345735065,0.7515765122556999
回复,找到,3,2.870019529047323,1.633847303837558,0.7041689343803914
佛教,道教,9,2.848279542410918,2.8261682242990656,0.7561851241167181
信教,教,4,2.828318799848381,1.8817757009345795,0.7122379777421961
一句,撒旦,3,2.8165308440963397,1.6284515069292436,0.6999742227574159
传播,传教,3,2.785759185429588,1.6252140287842551,0.6975550395154912
忏悔,教堂,3,2.7608202370823376,1.6225161303300981,0.695591076396558
事,干,3,2.7608202370823376,1.6225161303300981,0.695591076396558
中世纪,欧洲,5,2.741307422858757,2.0918729396984013,0.715257827631016
狗,骂,3,2.7364881364228086,1.6198182318759407,0.6936719506047044
人类,贪婪,3,2.7269186854066585,1.6187390724942778,0.692916372406366
价值,想,3,2.7269186854066585,1.6187390724942778,0.692916372406366
人类,导致,3,2.7269186854066585,1.6187390724942778,0.692916372406366
想,永远,3,2.7269186854066585,1.6187390724942778,0.692916372406366
加尔文,回复,4,2.7057164777560567,1.8663551401869158,0.7024859156139938
中,找到,3,2.63160850560234,1.607407898986818,0.6853647203015274
修女,地位,3,2.593387292782145,1.602551681769335,0.6823223221740828
人类,保护,3,2.593387292782145,1.602551681769335,0.6823223221740828
业务,修女,3,2.593387292782145,1.602551681769335,0.6823223221740828
伊斯兰教,教,4,2.5871567430315094,1.8495327102803738,0.6929694961097108
想,跑,3,2.572768005579411,1.599853783315178,0.680677519964104
想,理性,3,2.572768005579411,1.599853783315178,0.680677519964104
新教,派,4,2.5626156341153936,1.8457943925233644,0.6909881366461974
传教士,带来,3,2.5605974699591565,1.5982350442426836,0.6797054923625643
修女,现实,4,2.5445971286127165,1.8429906542056074,0.6895307348898564
基督,狗,23,2.5220782650773685,4.410761913801711,0.8033477514467471
教义,正义,3,2.5171981544246043,1.5922996676435381,0.6762319735969107
回复,念,3,2.513344585108615,1.5917600879527067,0.6759229835647751
伊斯兰教,佛教,5,2.5118073057897283,2.054674799511956,0.696628147000294
创造,神,4,2.5037751340924648,1.8364485981308412,0.6862203588205223
天主教,教廷,4,2.475604257125771,1.8317757009345794,0.6839287806291169
两个,孔子,3,2.475604257125771,1.5863642910443925,0.6728918493050078
天主,新教,3,2.4572551184575757,1.5836663925902354,0.6714147784622602
中世纪,文明,3,2.4536253504069974,1.5831268128994038,0.671122324128853
佛教,张角,3,2.442814434302783,1.5815080738269096,0.6702507528793403
事情,佛教,3,2.442814434302783,1.5815080738269096,0.6702507528793403
东正教,新教,7,2.429084241490882,2.4126143464046934,0.7066137802201224
修女,回到,3,2.4110657359882053,1.5766518566094267,0.6676865805996468
信称义,新教,4,2.408464954288148,1.8200934579439252,0.6784427629617216
事,确实,3,2.4041452931436322,1.5755726972277637,0.6671267260536
教堂,老,3,2.4041452931436322,1.5755726972277637,0.6671267260536
信仰,红领巾,5,2.3986432159896496,2.032941054683921,0.6872895107041115
教廷,新教,5,2.3802940773214543,2.029179445002146,0.6857646013856664
中,生活,4,2.3802940773214543,1.8149532710280374,0.6761301692659991
人类,机会,3,2.370243741467954,1.5701769003194497,0.6643792222209609
佛教,佛祖,3,2.3374539186449663,1.5647811034111354,0.6617138591811442
佛教,邪恶,3,2.3374539186449663,1.5647811034111354,0.6617138591811442
传教士,儒家,3,2.3374539186449663,1.5647811034111354,0.6617138591811442
儿子,神,4,2.3214535772985267,1.8037383177570094,0.6712783294230563
想,证明,3,2.3214535772985267,1.5620832049569782,0.6604103307212552
人类,理解,4,2.3214535772985267,1.8037383177570094,0.6712783294230563
修女,记得,5,2.3157555561838894,2.0153868761689693,0.6803758360646983
天主教,小男孩,3,2.305705220330389,1.5593853065028211,0.6591254202873017
小男孩,神父,5,2.3007176788193506,2.012043223118502,0.6791143782305868
信仰,发,3,2.293282700331833,1.5572269877394953,0.6581105080456774
人生,信仰,3,2.293282700331833,1.5572269877394953,0.6581105080456774
信仰,阿米,3,2.293282700331833,1.5572269877394953,0.6581105080456774
中国,渗透,3,2.290201033794425,1.5566874080486641,0.6578585505409078
中国,古代,3,2.290201033794425,1.5566874080486641,0.6578585505409078
业务,神父,3,2.2598956842990994,1.5512916111403496,0.6553767543918729
修女,点,3,2.256915056160962,1.5507520314495182,0.6551322621734468
传播,传教士,3,2.242143738840651,1.5480541329953612,0.6539195409348149
中国,改变,4,2.2414108696249984,1.7873831775700935,0.6646287804456374
修女,笑话,8,2.239215479061563,2.5270806834180912,0.697733121131219
基督徒,洗,4,2.2304817990928094,1.7850467289719627,0.6637162016019853
事,听,3,2.2218237363496955,1.5442770751595412,0.6522483183376734
教堂,见,3,2.2218237363496955,1.5442770751595412,0.6522483183376734
创造,想,3,2.216093061640711,1.5431979157778783,0.6517763705664628
文化,道教,3,2.187922184674018,1.537802118869564,0.6494522812767359
只能,时代,3,2.187922184674018,1.537802118869564,0.6494522812767359
撒旦,教,3,2.1659432779552454,1.5334854813429126,0.6476342228722829
回复,异端,4,2.1591727713880355,1.769158878504673,0.6577329616239258
不去,里,3,2.155132361851031,1.5313271625795868,0.6467383850086211
没,走,3,2.155132361851031,1.5313271625795868,0.6467383850086211
恶心,没,3,2.155132361851031,1.5313271625795868,0.6467383850086211
相,里,3,2.155132361851031,1.5313271625795868,0.6467383850086211
一群,里,3,2.155132361851031,1.5313271625795868,0.6467383850086211
当初,没,3,2.155132361851031,1.5313271625795868,0.6467383850086211
写,问,3,2.141781028676168,1.5286292641254298,0.6456305802010239
国内,新教,7,2.1414021690391305,2.3349020248513943,0.6818632372990303
信仰,耶稣会,3,2.139132020504592,1.5280896844345981,0.645410589934583
信仰,转发,3,2.139132020504592,1.5280896844345981,0.645410589934583
宗教,管理,3,2.1338549634037487,1.5270105250529356,0.6449721579886395
天主教,新教,17,2.1124146321658817,3.6244342470382844,0.7377158384765243
一群,中国,3,2.1078794770004907,1.5216147281446213,0.6428102765259376
中国,崇拜,3,2.1078794770004907,1.5216147281446213,0.6428102765259376
回到,神父,3,2.077574127505166,1.5151397718546442,0.6402799471486045
神父,结婚,3,2.077574127505166,1.5151397718546442,0.6402799471486045
做,爱,4,2.049973479423057,1.7425233644859812,0.6484668187911578
传教,教,3,2.0481602422988763,1.5086648155646671,0.6378154841768228
传教士,道教,4,2.037349326194662,1.7392523364485981,0.6473869666765797
人类,道德,4,2.01607192774738,1.7336448598130842,0.6455626865179875
修女,算是,3,2.005600627880086,1.4989523811297014,0.6342341409627221
中世纪,道德,3,1.9940930210286074,1.4962544826755442,0.6332625610462792
传播,天主教,3,1.9872514892118918,1.49463574360305,0.6326842702775273
基督徒,朋友,5,1.9836217211613136,1.9284518968568278,0.6519261741750099
信仰,加尔文,4,1.9748289692133363,1.722429906542056,0.6420110522117879
中国,干,3,1.9537287971732529,1.4865420482405787,0.6298434256592035
傻,宗教,3,1.9515334066098176,1.4860024685497473,0.6296569512180294
宗教,生命,3,1.9515334066098176,1.4860024685497473,0.6296569512180294
基督,面前,4,1.9515334066098176,1.7158878504672896,0.6399956277032661
基督,安息日,4,1.9515334066098176,1.7158878504672896,0.6399956277032661
基督徒,言论,3,1.9427997266410642,1.4838441497864217,0.6289145912663906
回,基督徒,3,1.9427997266410642,1.4838441497864217,0.6289145912663906
亵渎,基督徒,3,1.9427997266410642,1.4838441497864217,0.6289145912663906
基督徒,开,3,1.9427997266410642,1.4838441497864217,0.6289145912663906
家庭,教会,3,1.9384613250424667,1.4827649904047586,0.6285455124787781
不去,教会,3,1.9384613250424667,1.4827649904047586,0.6285455124787781
情况,教会,3,1.9384613250424667,1.4827649904047586,0.6285455124787781
做,孩子,3,1.934141663897951,1.4816858310230958,0.6281778183415256
做,请,3,1.934141663897951,1.4816858310230958,0.6281778183415256
事,孩子,3,1.934141663897951,1.4816858310230958,0.6281778183415256
教堂,钱,3,1.934141663897951,1.4816858310230958,0.6281778183415256
佛教,真,3,1.9319888105368501,1.4811462513322642,0.6279944867885798
现实,神父,3,1.9234234476779284,1.4789879325689386,0.6272645630535723
儿童,神父,3,1.9234234476779284,1.4789879325689386,0.6272645630535723
信仰,听,4,1.8878175922237193,1.697196261682243,0.6344473240911012
十字架,死,4,1.8847359256863114,1.6962616822429908,0.6341776021918467
中国,邪恶,4,1.8847359256863114,1.6962616822429908,0.6341776021918467
中,欧洲,3,1.8694684535555255,1.4649588606073216,0.6226471320547255
新教,组织,4,1.8694684535555255,1.691588785046729,0.6328394002672956
中,人类,6,1.8694684535555255,2.0717646889895107,0.6499371193373872
指,新教,3,1.8694684535555255,1.4649588606073216,0.6226471320547255
佛教,撒旦,3,1.8674502893992886,1.46441928091649,0.6224737520992809
宣传,没,3,1.8674502893992886,1.46441928091649,0.6224737520992809
估计,里,3,1.8674502893992886,1.46441928091649,0.6224737520992809
宗教,迷信,5,1.8562232268055068,1.886656233725991,0.640633571604083
不用,圣经,3,1.839615490405849,1.45686516524485,0.6200774276876004
业务,圣经,3,1.839615490405849,1.45686516524485,0.6200774276876004
圣经,律法,3,1.839615490405849,1.45686516524485,0.6200774276876004
一本,圣经,3,1.839615490405849,1.45686516524485,0.6200774276876004
中国,孩子,6,1.8201974045487506,2.0526876660706384,0.6454387421970287
圣经,读,7,1.811444613439157,2.213388212968054,0.6520192511625057
出,想,3,1.8106279535326013,1.4487714698823788,0.617571665890917
只能,想,4,1.8106279535326013,1.6728971962616823,0.6276513123552819
人类,神,6,1.8106279535326013,2.0488722614868644,0.6445601063527757
一点,修女,3,1.8049299324179644,1.4471527308098844,0.6170778641371284
宗教,科学,3,1.7973827267825828,1.4449944120465588,0.6164231675956555
基督,当年,3,1.7973827267825828,1.4449944120465588,0.6164231675956555
伊斯兰,基督,3,1.7973827267825828,1.4449944120465588,0.6164231675956555
宗教,建立,3,1.7973827267825828,1.4449944120465588,0.6164231675956555
不到,教会,3,1.7843106452152324,1.4412173542107387,0.6152874622422551
建立,教会,3,1.7843106452152324,1.4412173542107387,0.6152874622422551
天主教,道教,4,1.7824570765659098,1.6635514018691588,0.625149579120707
信仰,念,3,1.7824570765659098,1.4406777745199075,0.6151262435304448
回复,邪教,3,1.7714072403793266,1.4374402963749189,0.6141642196763573
基督徒,小心,3,1.7604781698471381,1.4342028182299302,0.6132111186693955
历史,地狱,3,1.7604781698471381,1.4342028182299302,0.6132111186693955
基督徒,生命,3,1.7604781698471381,1.4342028182299302,0.6132111186693955
历史,天主教,5,1.7604781698471381,1.8515478766960876,0.631980452788002
传统,里,3,1.7496672537429245,1.4309653400849416,0.6122667475774356
发现,没,3,1.7496672537429245,1.4309653400849416,0.6122667475774356
佛教,时代,3,1.7496672537429245,1.4309653400849416,0.6122667475774356
包括,没,3,1.7496672537429245,1.4309653400849416,0.6122667475774356
一种,神,3,1.746089432395041,1.4298861807032788,0.6119538647450218
宗教,逻辑,4,1.7283898552956434,1.644859813084112,0.6203141679429147
佛祖,宗教,4,1.7283898552956434,1.644859813084112,0.6203141679429147
孔子,耶稣,16,1.7218324547494854,3.2850467289719627,0.693594090388607
圣经,故事,8,1.7218324547494854,2.322878818570761,0.6503223404968179
修女,修道院,3,1.7179185554283498,1.4212529056499759,0.6094841757704004
修女,见,3,1.7179185554283498,1.4212529056499759,0.6094841757704004
教堂,牧师,3,1.7109981125837772,1.4190945868866505,0.6088757879960556
上帝,亚当,6,1.7092754592723314,2.0061397301485906,0.6351497951102122
手上,耶稣,7,1.7060840977813492,2.1653478687351053,0.6420740954910754
中国,特别,3,1.7024143688923874,1.4163966884324932,0.6081202395674103
中国,心,3,1.7024143688923874,1.4163966884324932,0.6081202395674103
教义,请,3,1.6905195812402403,1.4126196305966732,0.6070715193231451
信仰,微博,3,1.6871468967616017,1.4115404712150104,0.6067737931586867
上帝,荣耀,5,1.6811045823056403,1.8197831727166514,0.624687325102362
上帝,男人,5,1.6811045823056403,1.8197831727166514,0.624687325102362
信,是因为,4,1.67959969112622,1.6271028037383177,0.6159106864914016
天主教,年,3,1.677096560908102,1.4083029930700217,0.6058856180219258
信仰,回复,7,1.6742434919256963,2.1498054044244457,0.6390225380583932
反,新教,3,1.6687977580934086,1.4056050946158647,0.6051511226310448
基督徒,福音,5,1.6651679900428307,1.8130958666157173,0.6232090904388786
一种,宗教,6,1.663851334158084,1.9855365453962086,0.6308670140368191
基督,骂,3,1.663851334158084,1.4039863555433703,0.6047128531125151
想,问,5,1.6622079484143542,1.811841996721792,0.6229339953664704
圣经,必,3,1.6572939336119261,1.4018280367800449,0.6041312889491145
圣经,道理,3,1.6572939336119261,1.4018280367800449,0.6041312889491145
圣经,相,3,1.6572939336119261,1.4018280367800449,0.6041312889491145
回到,圣经,3,1.6572939336119261,1.4018280367800449,0.6041312889491145
信仰,异端,5,1.6514288141595292,1.8072444737773998,0.6219308069581155
教会,钱,6,1.6507792525907337,1.97943189806217,0.6296266295837223
儒家,没,3,1.6443067380851175,1.3975113992533934,0.6029775888406184
老,里,3,1.6443067380851175,1.3975113992533934,0.6029775888406184
佛教,只能,3,1.6443067380851175,1.3975113992533934,0.6029775888406184
基督徒,红领巾,4,1.6426951341907763,1.6130841121495327,0.6125535047186149
上帝,伊甸园,4,1.6402825877853928,1.6121495327102804,0.6123332211855638
修女,写,3,1.6378758477548283,1.3953530804900676,0.6024053719649187
不信,信,3,1.6330796754913361,1.3937343414175731,0.6019782038866525
信教,宗教,4,1.6330796754913361,1.6093457943925233,0.6116749364071196
教堂,问,4,1.627116628603091,1.6070093457943926,0.6111292753764774
基督徒,孩子,7,1.6269467772226403,2.125785232307971,0.6344477267279564
找,神父,7,1.62558900376218,2.1250787566574867,0.6343156343168622
基督教,观点,5,1.6226083756240428,1.7947057748381487,0.6192374853857411
犹大,耶稣,4,1.6164719390916789,1.602803738317757,0.6101536461880115
耶稣,虚构,4,1.6164719390916789,1.602803738317757,0.6101536461880115
布,耶稣,4,1.6164719390916789,1.602803738317757,0.6101536461880115
吃,问,3,1.6156879327794704,1.3877989648184277,0.6004262711677013
历史,教义,4,1.6152961600026672,1.6023364485981308,0.6100457574984552
相,说,4,1.6141217617467258,1.6018691588785048,0.609937970832628
必,说,4,1.6141217617467258,1.6018691588785048,0.609937970832628
国内,天主教,3,1.6125580397705435,1.3867198054367647,0.600146483805285
佛教,宗教,11,1.6085886554830453,2.6527362596776323,0.6567899882397031
儿童,基督徒,3,1.6063274900199087,1.384561486673439,0.5995890692206364
基督徒,祷告,3,1.6063274900199087,1.384561486673439,0.5995890692206364
教堂,神父,9,1.600650055414933,2.3947040498442367,0.6445989109063347
佛,信仰,3,1.6001355197719886,1.3824031679101132,0.5990345051070644
信徒,死,3,1.5970538532345813,1.3813240085284506,0.5987582809881458
势力,基督教,4,1.5817863811037958,1.588785046728972,0.6069604165627147
基督教,门徒,4,1.5817863811037958,1.588785046728972,0.6069604165627147
写,圣经,6,1.5772512259384055,1.94356709497469,0.622581010387351
梵蒂冈,神父,3,1.5667485037392586,1.370532414711822,0.5960338186976202
神父,老,3,1.5667485037392586,1.370532414711822,0.5960338186976202
机会,神父,3,1.5667485037392586,1.370532414711822,0.5960338186976202
一点,圣经,5,1.5619837538076204,1.7671206371717965,0.6135176053332413
更,死,3,1.559313525251742,1.367834516257665,0.5953631475161425
天主教,罗马,3,1.551933417954121,1.3651366178035076,0.5946965305274028
宗教,组织,4,1.5460682985017242,1.5738317757009346,0.6036488671914602
宗教,新,3,1.5460682985017242,1.362978299040182,0.5941661159925828
宗教,张角,3,1.5460682985017242,1.362978299040182,0.5941661159925828
宗教,宗教信仰,3,1.5460682985017242,1.362978299040182,0.5941661159925828
听,基督,4,1.5460682985017242,1.5738317757009346,0.6036488671914602
宗教,道教,6,1.5460682985017242,1.9275423957228375,0.6195563583041863
人类,历史,3,1.5373346185329715,1.3597408208951933,0.5933752228126459
天主教,教,4,1.5373346185329715,1.5700934579439252,0.6028354496618821
教会,教育,3,1.5329962169343743,1.3581220818226991,0.5929818774108844
挺,教会,3,1.5329962169343743,1.3581220818226991,0.5929818774108844
教会,组织,4,1.5329962169343743,1.5682242990654205,0.6024308420853001
教会,特别,3,1.5329962169343743,1.3581220818226991,0.5929818774108844
教会,社会,4,1.5329962169343743,1.5682242990654205,0.6024308420853001
只能,神,3,1.522945881080875,1.3543450239868793,0.592069435659974
中国,教派,5,1.5200928120984691,1.7470587188689943,0.6095202182342447
信仰,精神,3,1.5200928120984691,1.3532658646052165,0.5918101016166883
宗教,教义,12,1.5186693243136158,2.7054525698287697,0.6525170613746598
一只,说,3,1.5087612460889215,1.348949227078565,0.590778728747284
拒绝,说,3,1.5087612460889215,1.348949227078565,0.590778728747284
皆,说,3,1.5087612460889215,1.348949227078565,0.590778728747284
信佛,说,3,1.5087612460889215,1.348949227078565,0.590778728747284
帮,说,3,1.5087612460889215,1.348949227078565,0.590778728747284
传教士,教,3,1.5045447957099878,1.3473304880060708,0.5903943937888914
佛教,教,3,1.5045447957099878,1.3473304880060708,0.5903943937888914
信奉,圣经,3,1.5031432537846996,1.3467909083152392,0.5902665733588647
圣经,黑,3,1.5031432537846996,1.3467909083152392,0.5902665733588647
圣经,基督教徒,3,1.5031432537846996,1.3467909083152392,0.5902665733588647
中国,迷信,3,1.5017436734302765,1.3462513286244078,0.5901388978607481
新教,美国,5,1.4864762012994917,1.7303404536166598,0.6062845600411149
佛祖,耶稣,7,1.4829405464671848,2.045247008152734,0.6201856748572592
中国,年,4,1.4792708175782232,1.544392523364486,0.5973895160893852
圣经,话,5,1.4749723768180096,1.7244890607783425,0.6051714369193172
想,神,5,1.4741557169114539,1.724071104147034,0.6050923006446125
基督徒,骂,3,1.4727960973954146,1.3349201551169476,0.5874904889111108
圣灵,基督徒,3,1.4727960973954146,1.3349201551169476,0.5874904889111108
神父,记得,3,1.4714383239349544,1.3343805754261164,0.5873659023419243
主教,神父,3,1.4714383239349544,1.3343805754261164,0.5873659023419243
一点,神父,3,1.4714383239349544,1.3343805754261164,0.5873659023419243
伊斯兰教,基督教,10,1.4684576957968174,2.434067178424932,0.636602079440242
世界,教义,3,1.4673760299260767,1.3327618363536222,0.5869929573249049
儿子,没,3,1.4619851812912015,1.3306035175902966,0.5864975845908528
修道院,没,3,1.4619851812912015,1.3306035175902966,0.5864975845908528
一句,没,3,1.4619851812912015,1.3306035175902966,0.5864975845908528
说,跑,4,1.4599710819195006,1.5355140186915888,0.5955642482725789
上帝,阿米,4,1.457961030991477,1.5345794392523364,0.5953737033736722
宗教,教,7,1.4550965202960178,2.0282915925411054,0.6173658623424142
信仰,有人,3,1.4459848399447641,1.3241285613003193,0.5850241898319203
教,新教,5,1.442024438728668,1.7073528388946992,0.6019663871958094
中,中世纪,3,1.442024438728668,1.322509822227825,0.5846587732286519
加尔文,基督徒,4,1.442024438728668,1.5271028037383179,0.5938599700570162
儒家,基督,3,1.4407077828439216,1.3219702425369937,0.5845372246576785
关系,宗教,3,1.4407077828439216,1.3219702425369937,0.5845372246576785
宗教,确实,3,1.4407077828439216,1.3219702425369937,0.5845372246576785
基督,教徒,3,1.4407077828439216,1.3219702425369937,0.5845372246576785
宗教,邪恶,3,1.4407077828439216,1.3219702425369937,0.5845372246576785
事,想,4,1.439064397100192,1.5257009345794392,0.5935782189871381
神父,笑话,5,1.4357202413328836,1.7040091858442323,0.6013502228567403
关系,圣经,4,1.4341503822977641,1.5233644859813085,0.5931100663588522
张角,耶稣,6,1.4341503822977641,1.865732841465692,0.6085074597755645
犹太人,耶稣,4,1.4341503822977641,1.5233644859813085,0.5931100663588522
信仰,道德,4,1.4282852628453675,1.5205607476635514,0.592550625254727
教会,确实,3,1.427635701276572,1.3165744456286792,0.583328719461831
教会,教徒,3,1.427635701276572,1.3165744456286792,0.583328719461831
教义,邪教,3,1.4185858657566561,1.3127973877928594,0.5824902003139196
中国,文化,5,1.414732296440667,1.692724356798906,0.5992920005704964
中国,生活,3,1.414732296440667,1.3111786487203652,0.5821326770534859
地狱,宗教,7,1.4125369058772321,2.0014455178226926,0.6130139648528423
乃是,基督教,4,1.3994648243098824,1.5065420560747664,0.5897907437076538
修女,找,4,1.3994648243098824,1.5065420560747664,0.5897907437076538
基督教,小心,4,1.3994648243098824,1.5065420560747664,0.5897907437076538
圣经,懂,5,1.3949296691444923,1.6818574843848884,0.5973401530666393
伊斯兰教,宗教,4,1.3919176186745015,1.502803738317757,0.5890649895882418
神父,钱,4,1.3844269469453456,1.4990654205607477,0.5883434125124205
神父,见,3,1.3844269469453456,1.2982287361404108,0.579311148306364
修女,神父,12,1.3844269469453456,2.5964574722808216,0.6376966219490849
精神,里,3,1.3819424736176844,1.297149576758748,0.5790790481872842
搞,没,3,1.3819424736176844,1.297149576758748,0.5790790481872842
信仰,想,7,1.3769919684578293,1.978131821356703,0.6093392135117197
信仰,只能,4,1.3769919684578293,1.4953271028037385,0.5876259503671527
圣经,真理,3,1.3696118611602086,1.2917537798504337,0.5779253269078484
修女,西方,3,1.3696118611602086,1.2917537798504337,0.5779253269078484
真主,耶稣,5,1.3696118611602086,1.6676469589204037,0.5948304382246069
耶稣,钉,5,1.3696118611602086,1.6676469589204037,0.5948304382246069
宗教,时代,5,1.3637467417078122,1.6643033058699368,0.5942467154384341
宗教,真的,5,1.3637467417078122,1.6643033058699368,0.5942467154384341
基督徒,时,5,1.3550130617390599,1.6592878262942363,0.5933758598814678
基督徒,宗教信仰,3,1.3550130617390599,1.2852788235604566,0.5765554859647934
中国,西方,4,1.3541076746242475,1.4836448598130842,0.5854097421655866
基督教,犹太教,7,1.3529448086750013,1.9618828813955587,0.6068317073390719
上帝,罪人,3,1.3526005153336766,1.2841996641787938,0.576328700212078
上帝,求,3,1.3526005153336766,1.2841996641787938,0.576328700212078
上帝,业务,3,1.3526005153336766,1.2841996641787938,0.576328700212078
上帝,蛇,3,1.3526005153336766,1.2841996641787938,0.576328700212078
反,基督,3,1.3453976030396204,1.2809621860338052,0.5756509087746411
佛教,更,3,1.344202145634847,1.2804226063429738,0.5755383150303863
圣经,福音,4,1.338840202493463,1.4757009345794394,0.5839244317108169
圣经,记得,4,1.338840202493463,1.4757009345794394,0.5839244317108169
中国,搞,3,1.3346895887671508,1.2761059688163225,0.57464134080747
找,教会,6,1.3323255214722711,1.8031602062917915,0.5981699748832188
反,教会,3,1.3323255214722711,1.2750268094346595,0.5744181369646443
耶稣,诞生,3,1.3287898666399642,1.2734080703621653,0.5740841030178829
头,耶稣,3,1.3287898666399642,1.2734080703621653,0.5740841030178829
手里,耶稣,3,1.3287898666399642,1.2734080703621653,0.5740841030178829
改,耶稣,3,1.3287898666399642,1.2734080703621653,0.5740841030178829
离开,耶稣,3,1.3287898666399642,1.2734080703621653,0.5740841030178829
禁果,说,3,1.3264396892950112,1.2723289109805025,0.5738619254428352
厉害,说,3,1.3264396892950112,1.2723289109805025,0.5738619254428352
傻,说,3,1.3264396892950112,1.2723289109805025,0.5738619254428352
不去,说,3,1.3264396892950112,1.2723289109805025,0.5738619254428352
唯一,说,3,1.3264396892950112,1.2723289109805025,0.5738619254428352
承认,说,3,1.3264396892950112,1.2723289109805025,0.5738619254428352
意志,说,3,1.3264396892950112,1.2723289109805025,0.5738619254428352
听,说,6,1.3264396892950112,1.7993448017080171,0.5975635055579425
家里,说,3,1.3264396892950112,1.2723289109805025,0.5738619254428352
基督教,邪教,13,1.3253568521561796,2.647527011329201,0.635628949987769
信,时,3,1.3229247471875678,1.270710171908008,0.573529421868914
天堂,宗教,4,1.3229247471875678,1.4672897196261683,0.5823702291030217
佛教,基督教,19,1.3153817070993628,3.1890931080287244,0.6592478791919419
事,天主教,4,1.3055330044757032,1.457943925233645,0.5806649190533717
天主教,教堂,4,1.3055330044757032,1.457943925233645,0.5806649190533717
写,神父,3,1.3043842392718301,1.2620768968547051,0.5717712788320499
上帝,惩罚,4,1.3038103511642574,1.4570093457943925,0.5804956087100168
上帝,转发,4,1.3038103511642574,1.4570093457943925,0.5804956087100168
上帝,科学,4,1.3038103511642574,1.4570093457943925,0.5804956087100168
想,死,3,1.2998023297667198,1.2599185780913795,0.571335675079709
中国,传教,4,1.296949260784314,1.453271028037383,0.5798205486523025
中国,信仰,12,1.296949260784314,2.517139257728602,0.6276660852321111
全球,基督教,3,1.2941043086520836,1.2572206796372225,0.5707933400976221
天主教,美国,3,1.2941043086520836,1.2572206796372225,0.5707933400976221
地球,基督教,3,1.2941043086520836,1.2572206796372225,0.5707933400976221
基督教,支持,3,1.2941043086520836,1.2572206796372225,0.5707933400976221
基督教,大叔,3,1.2941043086520836,1.2572206796372225,0.5707933400976221
地上,基督教,3,1.2941043086520836,1.2572206796372225,0.5707933400976221
基督教,起码,3,1.2941043086520836,1.2572206796372225,0.5707933400976221
基督教,管理,3,1.2941043086520836,1.2572206796372225,0.5707933400976221
地狱,教义,3,1.2850544731321683,1.252904042110571,0.5699305543355616
爹,耶稣,4,1.2799997024705454,1.4439252336448598,0.5781479096779291
洪秀全,耶稣,4,1.2799997024705454,1.4439252336448598,0.5781479096779291
回复,基督徒,8,1.2749703540655448,2.0380535637189836,0.6044961529536634
基督徒,精神,4,1.2749703540655448,1.4411214953271028,0.5776502200488016
信,邪教,4,1.274134583018149,1.4406542056074767,0.5775674530694869
事,佛教,3,1.2727431816527213,1.2469686655114254,0.5687539939847176
中国,伊斯兰教,3,1.2605816166134494,1.2410332889122797,0.5675884962670622
佛,基督,3,1.2583862260500143,1.239954129530617,0.567377755211739
听,宗教,3,1.2583862260500143,1.239954129530617,0.567377755211739
只能,宗教,5,1.2583862260500143,1.6007738979110642,0.5836049673278256
世界,宗教,5,1.2583862260500143,1.6007738979110642,0.5836049673278256
上帝,不信,6,1.2572903355293776,1.752796865785969,0.5903609529428051
教会,见,3,1.2453141444826654,1.2334791732406396,0.5661207167875933
撒旦,教会,4,1.2453141444826654,1.4242990654205607,0.5747024940008292
基督教,改变,4,1.2453141444826654,1.4242990654205607,0.5747024940008292
中国,道德,4,1.2428820395140534,1.4228971962616823,0.5744597498665868
喜欢,里,3,1.2388416299770497,1.2302416950956512,0.565496891254948
人类,佛教,3,1.2388416299770497,1.2302416950956512,0.565496891254948
佛教,天主教,4,1.2388416299770497,1.4205607476635516,0.5740561441185426
死,没,5,1.2388416299770497,1.588235198971813,0.5815969972709083
天堂,里,3,1.2388416299770497,1.2302416950956512,0.565496891254948
故事,里,3,1.2388416299770497,1.2302416950956512,0.565496891254948
新教,罗马,3,1.233479686835666,1.2275437966414942,0.5649793876075038
罪,说,5,1.231129509490713,1.5832197193961126,0.5808016202855362
信教,说,5,1.231129509490713,1.5832197193961126,0.5808016202855362
不信,说,5,1.231129509490713,1.5832197193961126,0.5808016202855362
国内,基督教,9,1.2295657875145307,2.122741433021807,0.6049500904233566
信仰,宗教,13,1.2206458980671782,2.541771086067569,0.6231361344152244
十字架,耶稣,14,1.2205762819997616,2.637643658500189,0.6274426851718865
说,问,13,1.2172403973300499,2.538142206279179,0.6227213145677926
基督教,指,5,1.2171432675159772,1.5740246735073284,0.5793547074616393
宗教,邪教,5,1.2095960618805965,1.569009193931628,0.578571515314839
信仰,教派,3,1.1946704116639253,1.2075793480807313,0.561214074923307
信仰,道教,3,1.1946704116639253,1.2075793480807313,0.561214074923307
人类,信仰,5,1.1946704116639253,1.5589782347802272,0.5770176000389735
信仰,地狱,4,1.1946704116639253,1.3943925233644858,0.5696156573394144
圣经,讲,5,1.187290304366305,1.5539627552045265,0.5762467540590553
宗教,搞,3,1.1783435183765016,1.1989460730274286,0.5596194862100835
基督,懂,3,1.1783435183765016,1.1989460730274286,0.5596194862100835
讲,里,3,1.1743031088394977,1.1967877542641028,0.5592238915270277
撒旦,里,3,1.1743031088394977,1.1967877542641028,0.5592238915270277
没,钱,3,1.1743031088394977,1.1967877542641028,0.5592238915270277
有人,说,6,1.1722890094677971,1.6909873115288234,0.5813008037832629
方式,说,3,1.1722890094677971,1.19570859488244,0.5590265452866227
上帝,创造,5,1.1702789585397737,1.5422599695278922,0.5744635484835501
上帝,回到,3,1.1702789585397737,1.1946294355007772,0.5588294981680516
上帝,见,6,1.1702789585397737,1.6894611496953136,0.5810836535433049
上帝,意志,3,1.1702789585397737,1.1946294355007772,0.5588294981680516
上帝,道理,3,1.1702789585397737,1.1946294355007772,0.5588294981680516
上帝,名字,4,1.1702789585397737,1.3794392523364487,0.5671409831855949
上帝,魔鬼,3,1.1702789585397737,1.1946294355007772,0.5588294981680516
上帝,佛,6,1.1702789585397737,1.6894611496953136,0.5810836535433049
上帝,儿子,6,1.1702789585397737,1.6894611496953136,0.5810836535433049
上帝,念,5,1.1702789585397737,1.5422599695278922,0.5744635484835501
上帝,禁果,3,1.1702789585397737,1.1946294355007772,0.5588294981680516
信,神,6,1.1687740673603537,1.6883165283201815,0.5809209864398401
佛教,信仰,5,1.1618805888409445,1.536408576689575,0.5735798738619908
天主教,神父,8,1.1612833956311985,1.9428915296153735,0.591816580561387
不信,基督徒,3,1.154342366276966,1.1859961604474745,0.5572637470940813
一位,基督徒,3,1.154342366276966,1.1859961604474745,0.5572637470940813
基督徒,微博,3,1.154342366276966,1.1859961604474745,0.5572637470940813
做,想,3,1.15138232464849,1.18437742137498,0.5569722426947068
神,问,3,1.15138232464849,1.18437742137498,0.5569722426947068
教会,美国,5,1.150003964678369,1.5280494440634076,0.5723264251678666
傻,耶稣,3,1.1464683098460626,1.181679522920823,0.5564878345172602
世俗,耶稣,3,1.1464683098460626,1.181679522920823,0.5564878345172602
耶稣,背叛,3,1.1464683098460626,1.181679522920823,0.5564878345172602
复活,耶稣,3,1.1464683098460626,1.181679522920823,0.5564878345172602
一群,耶稣,3,1.1464683098460626,1.181679522920823,0.5564878345172602
创造,圣经,3,1.1464683098460626,1.181679522920823,0.5564878345172602
坏,耶稣,3,1.1464683098460626,1.181679522920823,0.5564878345172602
第一,耶稣,3,1.1464683098460626,1.181679522920823,0.5564878345172602
儿子,耶稣,6,1.1464683098460626,1.6711472076931966,0.5785007524358713
真实,耶稣,3,1.1464683098460626,1.181679522920823,0.5564878345172602
丢,耶稣,3,1.1464683098460626,1.181679522920823,0.5564878345172602
强,耶稣,3,1.1464683098460626,1.181679522920823,0.5564878345172602
像是,耶稣,3,1.1464683098460626,1.181679522920823,0.5564878345172602
话,说,5,1.1441181325011098,1.523869877750324,0.5717035783318665
中,佛教,3,1.1435314501727538,1.1800607838483286,0.5561980429313762
信,教派,3,1.1406031903936664,1.1784420447758344,0.5559088867541422
信,地狱,4,1.1406031903936664,1.3607476635514018,0.5641077500234803
东西,圣经,5,1.126665682549889,1.5113311788110728,0.5698501878207843
修女,问,4,1.1232114476818027,1.3495327102803738,0.5623183779565625
信徒,神父,5,1.1220626824779298,1.5079875257606057,0.5693597175271551
人类,想,3,1.1174807729728196,1.1654921321958802,0.5536180735083408
基督教,岁,3,1.1117827518581838,1.1622546540508916,0.5530514719121049
国家,基督教,8,1.1117827518581838,1.89795390239978,0.5861382060735632
世上,基督教,3,1.1117827518581838,1.1622546540508916,0.5530514719121049
基督教,想起,3,1.1117827518581838,1.1622546540508916,0.5530514719121049
基督教,派,3,1.1117827518581838,1.1622546540508916,0.5530514719121049
基督教,本来,6,1.1117827518581838,1.6436762946900207,0.5747025336457525
基督教,父母,3,1.1117827518581838,1.1622546540508916,0.5530514719121049
代表,基督教,3,1.1117827518581838,1.1622546540508916,0.5530514719121049
基督教,我来,3,1.1117827518581838,1.1622546540508916,0.5530514719121049
发生,基督教,4,1.1117827518581838,1.3420560747663552,0.5611377134332377
基督教,强,3,1.1117827518581838,1.1622546540508916,0.5530514719121049
宗教,是因为,3,1.1042355462228033,1.15793801652424,0.5522997089140358
宗教,有人,3,1.1042355462228033,1.15793801652424,0.5522997089140358
自由,说,4,1.103296137980868,1.3364485981308412,0.5602584885215768
两个,说,6,1.103296137980868,1.6368085664392265,0.5737666312123121
上帝,写,6,1.090236250866263,1.6261254336046582,0.5723212387050511
信仰,文化,3,1.0893098960061327,1.1493047414709374,0.5508086519356324
基督,道德,4,1.0865359691234084,1.325233644859813,0.5585157806902783
宗教,道德,4,1.0865359691234084,1.325233644859813,0.5585157806902783
基督,异端,4,1.0865359691234084,1.325233644859813,0.5585157806902783
神,里,6,1.0846909501498396,1.621546948104129,0.5717056115883355
国家,基督徒,4,1.0673309892873648,1.3121495327102803,0.5565083744287989
基督徒,讲,4,1.0673309892873648,1.3121495327102803,0.5565083744287989
中国,罗马,3,1.0664256021725527,1.1358152492001516,0.5485111659882629
上帝,证明,4,1.052495922883429,1.3018691588785045,0.5549499350243812
圣经,罪,3,1.0511581300417694,1.1266423944560175,0.5469705866663468
圣经,微博,3,1.0511581300417694,1.1266423944560175,0.5469705866663468
一位,圣经,3,1.0511581300417694,1.1266423944560175,0.5469705866663468
信仰,神,5,1.0405197318367174,1.4461299443269666,0.5605529326986454
说,骂,3,1.0387576168433188,1.1190882787843774,0.5457146342696435
主,说,3,1.0387576168433188,1.1190882787843774,0.5457146342696435
手上,说,3,1.0387576168433188,1.1190882787843774,0.5457146342696435
讲,说,6,1.0387576168433188,1.5826298213496297,0.5665615711478167
脸,说,3,1.0387576168433188,1.1190882787843774,0.5457146342696435
真理,说,3,1.0387576168433188,1.1190882787843774,0.5457146342696435
宗教,欧洲,3,1.0352426747358756,1.1169299600210518,0.5453578640815732
喜欢,宗教,3,1.0352426747358756,1.1169299600210518,0.5453578640815732
基督,时,3,1.0352426747358756,1.1169299600210518,0.5453578640815732
人类,宗教,6,1.0352426747358756,1.5795774976826105,0.5661645947169727
只能,基督,4,1.0352426747358756,1.2897196261682242,0.5531287647077315
佛教,教义,3,1.0291210989950481,1.1131529021852318,0.5447357012684486
圣经,真,4,1.0286852741897188,1.2850467289719627,0.5524341119577579
世人,耶稣,4,1.0286852741897188,1.2850467289719627,0.5524341119577579
教会,这是,3,1.0221705931685274,1.1088362646585803,0.5440280258149802
中,神,3,1.0221705931685274,1.1088362646585803,0.5440280258149802
新教,邪教,3,1.0221705931685274,1.1088362646585803,0.5440280258149802
死,耶稣,11,1.018634938336221,2.1190330011446563,0.5891985506065741
传播,基督教,5,1.0164725720538916,1.4269039392867817,0.5579115384445941
信教,基督教,5,1.0164725720538916,1.4269039392867817,0.5579115384445941
上帝,干,3,1.016128278712567,1.1050592068227605,0.5434117192722613
上帝,方式,3,1.016128278712567,1.1050592068227605,0.5434117192722613
上帝,脑残,3,1.016128278712567,1.1050592068227605,0.5434117192722613
圣经,异端,5,1.015440047439703,1.426068026024165,0.5577976560302829
中国,时代,3,1.0092671883326243,1.100742569296109,0.5427106503358898
中国,道教,3,1.0092671883326243,1.100742569296109,0.5427106503358898
吃,说,8,1.0079859581765762,1.796183393705641,0.5738921706773279
一位,说,4,1.0079859581765762,1.2700934579439251,0.550232233700864
事,信仰,4,1.00542841202546,1.2682242990654204,0.5499592057608134
信仰,做,4,1.00542841202546,1.2682242990654204,0.5499592057608134
道德,里,3,1.0024528519128966,1.0964259317694576,0.5420130358455826
佛教,基督,6,1.0024528519128966,1.5505804228459246,0.5624378071746318
信,宗教,11,0.9995245921338093,2.0959265242704728,0.5867473988061054
基督教,皇帝,4,0.9939997162018415,1.2598130841121495,0.5487365102288547
发现,基督教,4,0.9939997162018415,1.2598130841121495,0.5487365102288547
基督教,心,4,0.9939997162018415,1.2598130841121495,0.5487365102288547
包括,基督教,4,0.9939997162018415,1.2598130841121495,0.5487365102288547
理性,耶稣,3,0.9923176300188573,1.0899509754794805,0.5409729891648736
中国,传教士,5,0.9764773655096455,1.3938853654134205,0.5534715169497575
信徒,没,4,0.9764773655096455,1.2467289719626167,0.5468534260910365
中国,佛教,5,0.9764773655096455,1.3938853654134205,0.5534715169497575
基督教,教,10,0.9720208094830745,1.9659318687327156,0.5788689914018479
牧师,说,7,0.9697647453563927,1.6425558873765482,0.5641590546991586
圣经,见,3,0.9641467530521715,1.071605265991212,0.538066501135569
一句,耶稣,5,0.9641467530521715,1.383436449630711,0.5520905408494714
伊斯兰,基督教,3,0.9576320720309802,1.0672886284645606,0.5373910268748239
基督教,民族,3,0.9576320720309802,1.0672886284645606,0.5373910268748239
中世纪,信仰,3,0.9495479536310244,1.0618928315562464,0.5365510605076196
信仰,教,3,0.9495479536310244,1.0618928315562464,0.5365510605076196
历史,新教,3,0.9311988149628351,1.0494824986671236,0.5346371906101887
两个,耶稣,6,0.9233247585319322,1.476561573920701,0.553262514746856
耶稣,邪恶,4,0.9233247585319322,1.205607476635514,0.5410768475643044
时,说,5,0.9209745811869796,1.3458203528129573,0.5472090220293969
红领巾,说,3,0.9209745811869796,1.042467962686315,0.5335663006158725
天堂,说,5,0.9209745811869796,1.3458203528129573,0.5472090220293969
发现,说,3,0.9209745811869796,1.042467962686315,0.5335663006158725
说,这是,5,0.9209745811869796,1.3458203528129573,0.5472090220293969
知识,说,3,0.9209745811869796,1.042467962686315,0.5335663006158725
心,说,3,0.9209745811869796,1.042467962686315,0.5335663006158725
一句,说,4,0.9209745811869796,1.2037383177570093,0.540819141200287
耶稣基督,说,3,0.9209745811869796,1.042467962686315,0.5335663006158725
基督徒,是因为,3,0.9131803094601639,1.0370721657780007,0.5327477497543207
东西,宗教,3,0.9100795317819168,1.034913847014675,0.5324215803683172
教义,神,3,0.9077602419908268,1.0332951079421806,0.5321774183256676
基督徒,道德,4,0.8954807323607701,1.183177570093458,0.5380108297876074
中国,更,4,0.8914841526762864,1.1799065420560748,0.5375684314274382
中,天主教,3,0.8886392005440562,1.019805615671395,0.5301579826725724
基督教,欧洲,6,0.8886392005440562,1.4422229326667313,0.5491554323831546
关系,基督教,4,0.8886392005440562,1.1775700934579438,0.5372531528094996
上帝,女人,6,0.8825968860880962,1.4361182853326921,0.5484344467407392
上帝,真理,3,0.8825968860880962,1.0154889781447436,0.5295174095157044
上帝,骂,3,0.8825968860880962,1.0154889781447436,0.5295174095157044
上帝,保护,3,0.8825968860880962,1.0154889781447436,0.5295174095157044
宗教,神,6,0.8810919949086765,1.4345921234991823,0.5482546205498531
中,信仰,4,0.8762166805455043,1.1672897196261682,0.5358729659294991
事,教会,5,0.8737505880503118,1.302770819788195,0.5417837729191914
牧师,神父,3,0.873601323179522,1.0090140218547665,0.5285615672634287
吃,圣经,5,0.8688365732478849,1.2981732968438031,0.5412139325890601
圣经,里,14,0.86236405874227,2.1620685140130336,0.5795878211861489
估计,耶稣,3,0.8587862373943876,0.9982224280381381,0.5269816129517205
主,耶稣,3,0.8587862373943876,0.9982224280381381,0.5269816129517205
耶稣,脸,3,0.8587862373943876,0.9982224280381381,0.5269816129517205
告诉,耶稣,3,0.8587862373943876,0.9982224280381381,0.5269816129517205
孩子,说,5,0.856436060049435,1.2864705111671686,0.5397714013126218
说,请,5,0.856436060049435,1.2864705111671686,0.5397714013126218
吃,没,3,0.8558493777210792,0.9960641092748124,0.5266675547516873
找,里,3,0.8558493777210792,0.9960641092748124,0.5266675547516873
基督,真的,3,0.852921117941992,0.9939057905114866,0.5263541319603042
宗教,教派,3,0.852921117941992,0.9939057905114866,0.5263541319603042
基督,道教,3,0.852921117941992,0.9939057905114866,0.5263541319603042
信,天主教,5,0.852921117941992,1.2831268581167017,0.5393613228731986
上帝,微博,4,0.8518252274213554,1.1467289719626168,0.5331461057238762
教义,没,5,0.846799542201165,1.2772754652783844,0.5386458706202065
修女,教堂,3,0.8355293752301303,0.9809558779315324,0.5244867332574152
人类,里,4,0.8333765218690302,1.1308411214953271,0.5310684842425857
天主教,神,3,0.8297987005211477,0.976639240404881,0.5238691858013104
罪,耶稣,4,0.828014578727647,1.1261682242990654,0.5304621586227176
一位,耶稣,4,0.828014578727647,1.1261682242990654,0.5304621586227176
历史,圣经,5,0.8243848106770701,1.2555417204503492,0.5360123083345533
主,基督教,3,0.8241006794065124,0.9723226028782296,0.5232540509767762
基督教,影响,3,0.8241006794065124,0.9723226028782296,0.5232540509767762
圣战,基督教,3,0.8241006794065124,0.9723226028782296,0.5232540509767762
基督教,至少,3,0.8241006794065124,0.9723226028782296,0.5232540509767762
中国,做,4,0.8200251886941717,1.1191588785046729,0.5295566248978105
中国,事,4,0.8200251886941717,1.1191588785046729,0.5295566248978105
确实,说,3,0.8156140655291975,0.9658476465882525,0.5223358127471296
说,逻辑,3,0.8156140655291975,0.9658476465882525,0.5223358127471296
穆斯林,说,3,0.8156140655291975,0.9658476465882525,0.5223358127471296
世界,说,6,0.8156140655291975,1.3659148409912427,0.5403281063883687
教,没,3,0.8113976151502645,0.962610168443264,0.5218786779462897
教,里,3,0.8113976151502645,0.962610168443264,0.5218786779462897
历史,没,3,0.8113976151502645,0.962610168443264,0.5218786779462897
历史,里,3,0.8113976151502645,0.962610168443264,0.5218786779462897
中世纪,没,3,0.8113976151502645,0.962610168443264,0.5218786779462897
信徒,新教,3,0.808596492870554,0.9604518496799382,0.5215746487898483
中国,美国,3,0.808596492870554,0.9604518496799382,0.5215746487898483
佛教,里,4,0.8005866990460537,1.1018691588785048,0.5273428260766099
基督,爱,3,0.7988538966717399,0.9528977340082982,0.5205150782798599
基督徒,邪教,4,0.7953972738038305,1.097196261682243,0.5267492470513622
基督教,迷信,4,0.7933290207397724,1.0953271028037384,0.5265123708420112
教会,笑话,3,0.7857818151043929,0.9426457198825012,0.5190881735566706
佛教,说,9,0.7828242427062213,1.6286604361370716,0.5497219142346044
基督教,是因为,5,0.7753105152371024,1.2062228379559612,0.5301683958853336
圣经,问,6,0.7749047534137226,1.3208930669027046,0.5352955006748535
信,回复,3,0.772878410268491,0.9323937057567041,0.5176737316209838
回复,基督,4,0.772878410268491,1.0766355140186916,0.5241607443176031
新教,更,3,0.7708561648877242,0.9307749666842098,0.5174515168933729
说,邪教,6,0.7668239013597877,1.311736095901646,0.5342866236870815
是因为,说,4,0.7668239013597877,1.0710280373831775,0.5234612170272335
上帝,出,5,0.7648138504317644,1.1953559655419437,0.528904125334368
上帝,真的,6,0.7648138504317644,1.3094468531513812,0.5340351552722812
上帝,红领巾,3,0.7648138504317644,0.9259187494667269,0.5167866771223557
上帝,耶稣基督,3,0.7648138504317644,0.9259187494667269,0.5167866771223557
基督教,罗马,6,0.763476057590105,1.3079206913178714,0.5338676752482772
信,想,4,0.7633089592523448,1.0677570093457944,0.523054404765541
信仰,教义,4,0.7618063293678106,1.066355140186916,0.5228803354885988
宗教,文化,3,0.7475606022842131,0.91188967750511,0.5148809779500706
回复,基督教,9,0.7440579717330127,1.5744548286604363,0.5444198451656969
圣经,文化,4,0.7410032017380571,1.046728971962617,0.5204606320012664
圣经,天堂,3,0.7410032017380571,0.9064938805967956,0.5141538141017755
耶稣,高,3,0.7410032017380571,0.9064938805967956,0.5141538141017755
加尔文,说,3,0.7203038857249169,0.88922733049019,0.5118479003302533
说,迷信,3,0.7203038857249169,0.88922733049019,0.5118479003302533
上帝,信仰,17,0.7076554365918433,2.0912464267151476,0.5649719818898894
传统,基督教,3,0.7063176437501838,0.8773565772918986,0.5102806524419369
基督教,宗教信仰,3,0.7063176437501838,0.8773565772918986,0.5102806524419369
基督教,张角,3,0.7063176437501838,0.8773565772918986,0.5102806524419369
基督教,好像,3,0.7063176437501838,0.8773565772918986,0.5102806524419369
基督教,组织,4,0.7063176437501838,1.0130841121495329,0.5163847511946584
东正教,基督教,4,0.7063176437501838,1.0130841121495329,0.5163847511946584
传教,基督教,6,0.7063176437501838,1.2407695706434418,0.5266244901294537
基督教,新,3,0.7063176437501838,0.8773565772918986,0.5102806524419369
基督教,特别,3,0.7063176437501838,0.8773565772918986,0.5102806524419369
世人,基督教,3,0.7063176437501838,0.8773565772918986,0.5102806524419369
听,基督教,4,0.7063176437501838,1.0130841121495329,0.5163847511946584
上帝,神,11,0.7059733504088591,1.679446367928478,0.5463277420290917
中国,信,7,0.7038855387815727,1.337005168541986,0.5307728133015559
教会,里,9,0.7016986978938915,1.512772585669782,0.5385160567274947
上帝,钱,5,0.7002753292942242,1.1259751647447538,0.5210153804937455
上帝,撒旦,5,0.7002753292942242,1.1259751647447538,0.5210153804937455
上帝,讲,5,0.7002753292942242,1.1259751647447538,0.5210153804937455
事,新教,3,0.6993972009056135,0.8714212006927529,0.5095023983685487
基督,想,5,0.6987704381148048,1.1243033382195204,0.5208290032985698
年,说,4,0.6978310298728695,1.0046728971962615,0.5153794332570958
故事,说,4,0.6978310298728695,1.0046728971962615,0.5153794332570958
真,说,4,0.6978310298728695,1.0046728971962615,0.5153794332570958
基督徒,问,5,0.6957674328550366,1.1209596851690533,0.5204567496384905
上帝,问,9,0.6933548864496539,1.5003115264797506,0.5373391554677087
基督教,宗教,25,0.6930724170001699,2.4998130841121493,0.5822690477332508
地狱,神父,3,0.6912797663856508,0.8644066647119444,0.5085871705761968
中,中国,4,0.6908134572142263,0.9976635514018692,0.5145457028765512
回复,没,3,0.6887952930579901,0.8622483459486187,0.5083065372288189
回复,里,3,0.6887952930579901,0.8622483459486187,0.5083065372288189
基督教,新教,18,0.6879685050819966,2.110306219242095,0.5643745799091275
爱,说,5,0.6845858031228553,1.1084209862298022,0.5190666826646121
信,基督,8,0.6810708610154127,1.397031528437721,0.5317867125779104
想,里,4,0.6792258420418442,0.985981308411215,0.5131641569572919
想,没,4,0.6792258420418442,0.985981308411215,0.5131641569572919
圣经,太,3,0.6764646806005177,0.8514567521319901,0.5069101498078924
说,里,16,0.6650412070498951,1.9429906542056075,0.5551558690272078
做,基督,4,0.6636791183035523,0.9700934579439253,0.5113009502466394
信,问,3,0.6636791183035523,0.8401255786245302,0.5054558815147898
信仰,基督徒,9,0.6618658811793725,1.452336448598131,0.5328549785244385
神,说,9,0.6614633857020129,1.4517133956386292,0.5327972192178715
上帝,邪恶,3,0.6594533347739898,0.8363485207887102,0.504973790514035
上帝,逻辑,3,0.6594533347739898,0.8363485207887102,0.504973790514035
上帝,机会,3,0.6594533347739898,0.8363485207887102,0.504973790514035
上帝,明白,3,0.6594533347739898,0.8363485207887102,0.504973790514035
上帝,佛祖,3,0.6594533347739898,0.8363485207887102,0.504973790514035
宗教,美国,3,0.6522504224799355,0.8298735644987331,0.5041503993917036
基督,找,3,0.6522504224799355,0.8298735644987331,0.5041503993917036
基督教,爱,6,0.6522504224799355,1.1736184499690119,0.5196096997381985
圣经,找,4,0.6456930219337799,0.9514018691588786,0.5091314159129039
上帝,东西,5,0.6396507074778204,1.0565943639475641,0.5134158165918814
耶稣,逻辑,3,0.6356426860802837,0.8147653331554533,0.5022438610368586
耶稣,道,3,0.6356426860802837,0.8147653331554533,0.5022438610368586
见,说,3,0.6332925087353314,0.8126070143921276,0.5019731502335126
儿子,说,3,0.6332925087353314,0.8126070143921276,0.5019731502335126
社会,说,3,0.6332925087353314,0.8126070143921276,0.5019731502335126
组织,说,3,0.6332925087353314,0.8126070143921276,0.5019731502335126
东正教,说,3,0.6332925087353314,0.8126070143921276,0.5019731502335126
地狱,说,6,0.6332925087353314,1.1491998606328557,0.5171108006378178
佛,说,3,0.6332925087353314,0.8126070143921276,0.5019731502335126
太,说,4,0.6332925087353314,0.9383177570093457,0.5076267619934134
中国,神,4,0.6319729571913233,0.9369158878504673,0.5074662195760136
教义,里,4,0.6236559908870626,0.9280373831775701,0.5064524206528858
上帝,理解,4,0.6106631706045836,0.9140186915887851,0.5048619727394266
基督徒,异端,3,0.6077986599091253,0.7888655079955448,0.499021789988219
基督,基督徒,12,0.6077986599091253,1.5777310159910896,0.5344995798741949
儒家,基督教,3,0.6009571280924124,0.7823905517055677,0.4982250996921256
基督教,确实,3,0.6009571280924124,0.7823905517055677,0.4982250996921256
只能,基督教,6,0.6009571280924124,1.1064673292945821,0.5127998626975987
基督教,机会,3,0.6009571280924124,0.7823905517055677,0.4982250996921256
基督教,穆斯林,3,0.6009571280924124,0.7823905517055677,0.4982250996921256
人类,基督教,9,0.6009571280924124,1.355140186915888,0.5239834716950955
基督教,教徒,3,0.6009571280924124,0.7823905517055677,0.4982250996921256
基督,里,8,0.5969877438049157,1.2714705112176796,0.5199272998923511
教,教会,3,0.5947265783417797,0.7764551751064219,0.49749781880843347
中世纪,教会,3,0.5947265783417797,0.7764551751064219,0.49749781880843347
是因为,耶稣,4,0.5868525219108782,0.8878504672897196,0.5019258395864646
神,耶稣,10,0.5868525219108782,1.4038148491401685,0.5251303982119901
修女,里,5,0.586516443937626,0.9922290427260748,0.5065952446335569
基督徒,狗,4,0.581823173505879,0.8822429906542055,0.5013020569314356
基督教,西方,5,0.5811545007962436,0.9855417366251408,0.5058983246409597
教堂,没,3,0.5795960010930562,0.7618865234539736,0.4957246879103888
没,问,3,0.5795960010930562,0.7618865234539736,0.4957246879103888
教堂,里,3,0.5795960010930562,0.7618865234539736,0.4957246879103888
事,里,3,0.5795960010930562,0.7618865234539736,0.4957246879103888
中国,教义,4,0.576403106036543,0.8761682242990654,0.5006283902457058
地狱,基督教,7,0.5727862511257318,1.1536747372412488,0.5128415067683234
圣经,说,24,0.5726678869189298,2.135863485996921,0.5570049119972844
信,耶稣,16,0.5691529448114873,1.735981308411215,0.5387612354190573
人类,说,7,0.5642996372484178,1.1409581755325269,0.5116425636994449
上帝,加尔文,3,0.5641431549697167,0.7467782921106936,0.49390347935758117
上帝,记得,3,0.5641431549697167,0.7467782921106936,0.49390347935758117
一点,上帝,3,0.5641431549697167,0.7467782921106936,0.49390347935758117
一位,上帝,3,0.5641431549697167,0.7467782921106936,0.49390347935758117
圣经,真的,3,0.5586816449441978,0.7413824952023793,0.49325728607687913
圣经,时代,3,0.5586816449441978,0.7413824952023793,0.49325728607687913
真的,耶稣,5,0.5586816449441978,0.9571206856961716,0.5029597183864973
世界,基督徒,3,0.5565053655216036,0.7392241764390536,0.49299942383204465
基督徒,牧师,3,0.5565053655216036,0.7392241764390536,0.49299942383204465
十字架,说,6,0.5532498010618392,1.040842370453662,0.5063236134838565
天主教,教会,5,0.5521669639230079,0.9487615530700042,0.5021024402690719
中国,宗教,8,0.5497348589543967,1.196133900885655,0.5130478635846865
上帝,天堂,4,0.5416702991176711,0.8364485981308412,0.4962758168656824
上帝,时,4,0.5416702991176711,0.8364485981308412,0.4962758168656824
上帝,喜欢,4,0.5416702991176711,0.8364485981308412,0.4962758168656824
信,说,13,0.5414849594822597,1.5075403463766042,0.5264432524081138
犹太教,耶稣,3,0.5403325062760118,0.7230367857141108,0.4910764834238084
福音,耶稣,3,0.5403325062760118,0.7230367857141108,0.4910764834238084
中,宗教,4,0.5344673868236173,0.82803738317757,0.49536534603543503
圣经,没,10,0.525891822121226,1.293282901018395,0.5156553050509946
基督教,道教,5,0.5239960869563279,0.9119813695148674,0.4983668953333952
做,基督教,8,0.5170756441117583,1.1419444092433213,0.5081977430195331
更,说,6,0.5155094730790143,0.9866636253640654,0.5010985549517623
传教,说,4,0.5155094730790143,0.8056074766355139,0.49295588432280146
没,里,6,0.5129046265944226,0.9828482207802909,0.5007345033395669
教会,死,3,0.5113449694027766,0.6933599027183823,0.48760005706116216
神父,问,3,0.5020377667472268,0.6836474682834167,0.4864755894232289
中国,天主教,4,0.49844156456687655,0.7850467289719627,0.4907701288651992
历史,说,5,0.49353056636025233,0.8710216196466469,0.49427384080989967
回复,宗教,3,0.48519633781686405,0.6658413384859797,0.4844304514764872
信徒,基督,3,0.48519633781686405,0.6658413384859797,0.4844304514764872
基督教,真,4,0.48317409243609744,0.766355140186916,0.4888014618111399
出,基督教,4,0.48317409243609744,0.766355140186916,0.4888014618111399
基督教,时,4,0.48317409243609744,0.766355140186916,0.4888014618111399
基督教,这是,4,0.48317409243609744,0.766355140186916,0.4888014618111399
理解,说,3,0.47914182890816154,0.6593663821960025,0.4836919108681319
上帝,请,4,0.47713177798013867,0.7588785046728972,0.4880187734983936
上帝,太,4,0.47713177798013867,0.7588785046728972,0.4880187734983936
事,基督徒,4,0.47262388154095164,0.7532710280373831,0.4874335186532591
基督教,异端,5,0.46992886568608505,0.8384210024045939,0.49106386075339903
中,说,7,0.4689894574441499,0.9904788619793208,0.4978329773516602
宗教,没,7,0.46345635118047174,0.9812946785230215,0.49701111835015355
中世纪,基督教,6,0.46119518571733603,0.9050139672712927,0.49341346460331503
基督徒,美国,3,0.46119518571733603,0.6399415133260712,0.4814923136209074
圣经,牧师,3,0.45332112928643503,0.6313082382727684,0.48052226813089366
佛,耶稣,3,0.45332112928643503,0.6313082382727684,0.48052226813089366
一种,耶稣,4,0.45332112928643503,0.7289719626168225,0.4849145163108962
耶稣,读,3,0.45332112928643503,0.6313082382727684,0.48052226813089366
上帝,教堂,7,0.44204045816889065,0.9452644203483103,0.4938083962255708
基督教,文明,3,0.4186355712985674,0.5924585005329058,0.47621230741637177
儿子,基督教,3,0.4186355712985674,0.5924585005329058,0.47621230741637177
基督教,文化,5,0.4186355712985674,0.7648606352943206,0.48396577952405806
基督教,天主教,10,0.4186355712985674,1.0816762837585296,0.4982139864679289
耶稣,问,7,0.4182298094751876,0.9042888326202072,0.4902063288630687
想,说,7,0.41014895742125435,0.8901593196105163,0.48897382085227276
出,说,3,0.41014895742125435,0.58274606609794,0.4751484695018306
信仰,天主教,3,0.39616271544652387,0.5665586753729974,0.4733870887003217
基督徒,说,18,0.38817005070249394,1.3648702854304824,0.5086991567132089
中,基督教,8,0.3878639126318343,0.909326103656719,0.4881892673694326
上帝,想,8,0.3875196192905097,0.9086652561976662,0.4881341086258736
搞,耶稣,3,0.37327842161295155,0.539579690831426,0.4704829373992253
懂,耶稣,3,0.37327842161295155,0.539579690831426,0.4704829373992253
中,神父,3,0.3728260352673041,0.5390401111405945,0.4704252459324211
回复,说,5,0.3709282442679996,0.6929720947092806,0.4772078371258643
教会,教堂,3,0.3629249642845993,0.5271693579423032,0.46915983349911605
中国,基督徒,8,0.358679622191809,0.8524932221781739,0.4834770121572985
信,基督徒,7,0.3564842316283749,0.7933721554941349,0.4806559420015345
教义,说,7,0.3545791062664815,0.7898397772417123,0.4803563183231153
佛教,耶稣,7,0.35153843497656073,0.7841879720378359,0.47987747674395564
撒旦,说,3,0.3456104362837274,0.5061257499998775,0.4669341406419846
说,钱,3,0.3456104362837274,0.5061257499998775,0.4669341406419846
一种,说,3,0.3456104362837274,0.5061257499998775,0.4669341406419846
中,基督徒,4,0.3434121500610313,0.5813084112149534,0.47015292216577104
天主教,宗教,4,0.3420954941762855,0.5794392523364487,0.4699715781916791
中国,基督教,15,0.33859286362508584,1.112426992275152,0.49368293726742873
写,基督教,3,0.33859286362508584,0.49749247494657484,0.466027376999809
时代,耶稣,4,0.335538093630131,0.5700934579439252,0.4690667703985361
耶稣,道教,4,0.335538093630131,0.5700934579439252,0.4690667703985361
基督徒,死,3,0.333361814207537,0.49101751865659765,0.4653496782192942
信仰,说,10,0.33318791628517913,0.8960771837037875,0.48355365057914523
基督教,美国,5,0.32332539149430833,0.6177399010737737,0.4703072391665876
上帝,有人,3,0.3229810981529837,0.4780676060766435,0.46400029367672657
找,说,4,0.3148387776169958,0.5401869158878505,0.4661923960035004
历史,耶稣,5,0.31355918691137163,0.6018575490840555,0.46887137707146265
上帝,异端,4,0.3052815210535958,0.5261682242990655,0.464855786898843
上帝,信,12,0.3052815210535958,0.9113500978142786,0.48217864033577695
基督教,教派,4,0.3008525356422662,0.5196261682242991,0.46423433143651854
基督教,时代,4,0.3008525356422662,0.5196261682242991,0.46423433143651854
有人,耶稣,3,0.29917044945928273,0.44785114339008353,0.46088209837316496
上帝,地狱,5,0.2948102211863082,0.5709287583672361,0.4660951317747295
上帝,做,6,0.28788977834173946,0.6127539761541719,0.4674648234731931
上帝,事,6,0.28788977834173946,0.6127539761541719,0.4674648234731931
笑话,耶稣,4,0.281470872359895,0.49065420560747675,0.4614993436595424
爱,耶稣,4,0.281470872359895,0.49065420560747675,0.4614993436595424
地狱,耶稣,5,0.27099957249260753,0.5308049217616323,0.4625313703681261
圣经,地狱,3,0.27099957249260753,0.41115972441354665,0.457150545462792
信仰,基督,5,0.26513445304021394,0.5207739626102315,0.4616468981660551
基督教,理解,3,0.26448489147141874,0.40252644936024373,0.4562809382888542
事,说,5,0.26172895230308724,0.5149225697719142,0.4611321248408695
做,说,5,0.26172895230308724,0.5149225697719142,0.4611321248408695
基督,宗教,7,0.2598573959393742,0.6054496324652481,0.4650651335259206
天主教,里,3,0.2580123769658064,0.3938931743069411,0.4554144466147181
基督徒,更,3,0.256400773071466,0.39173485554361537,0.4551983057801592
上帝,只能,4,0.25398822666608406,0.44859813084112155,0.4575773755277722
上帝,人类,6,0.25398822666608406,0.5494182600635167,0.462111577270117
上帝,真,3,0.25398822666608406,0.3884973773986268,0.4548744535708476
上帝,文化,4,0.25398822666608406,0.44859813084112155,0.4575773755277722
基督,说,13,0.25380288703067266,0.8082033700141422,0.47373627246737093
信,圣经,7,0.2532999953932202,0.5920265951060419,0.4639769591540389
神父,里,5,0.25302483545477117,0.4998761310448128,0.45981232944999734
信,基督教,12,0.24678531437203158,0.7575698859273219,0.47094062589628594
中,基督,3,0.24678531437203158,0.37878494296366094,0.4539054627636217
基督教,道德,4,0.24678531437203158,0.4373831775700934,0.45654081167162325
宗教,新教,5,0.24678531437203158,0.48900925863079503,0.4588626006685359
基督教,没,13,0.24274490483502972,0.7770986861136622,0.4715203699009154
中,圣经,4,0.2402279138258777,0.42710280373831777,0.4555939728698464
上帝,说,28,0.23980359167413864,1.1282416138238052,0.4870950629348789
真,耶稣,3,0.23017757797238417,0.35612259594874107,0.4516591918106897
故事,耶稣,3,0.23017757797238417,0.35612259594874107,0.4516591918106897
年,耶稣,3,0.23017757797238417,0.35612259594874107,0.4516591918106897
圣经,死,3,0.23017757797238417,0.35612259594874107,0.4516591918106897
时代,说,3,0.22782740062743248,0.3528851178037525,0.4513399477790456
新教,里,4,0.2272407182990768,0.40654205607476634,0.4537097234845977
教会,神父,6,0.21867535544016062,0.4811225180139544,0.4564309866886513
喜欢,基督教,3,0.19549201998452215,0.3075604237739129,0.44691243204148445
世界,基督教,4,0.19549201998452215,0.3551401869158879,0.4490522452573832
没,说,10,0.1950375778044681,0.5603437797831071,0.4582473264704517
信,没,4,0.19152263569702663,0.34859813084112146,0.44846474771618533
信徒,耶稣,5,0.1909568648191346,0.38869966711678594,0.45022643895396125
上帝,孩子,3,0.1894497055285646,0.29892714872061,0.4460777259714239
死,说,4,0.18700540610721048,0.3411214953271029,0.4477947412680173
做,基督徒,3,0.18494180908937835,0.2924521924306328,0.4454534578083038
圣经,想,4,0.18138741380299186,0.3317757009345794,0.44695934224985556
圣经,神,4,0.18138741380299186,0.3317757009345794,0.44695934224985556
上帝,中国,12,0.17394551899261215,0.5530691831022114,0.4563617645599998
说,道德,3,0.17376017935720092,0.27626480170569007,0.4438992975647625
撒旦,耶稣,3,0.165639056834866,0.26439404850739884,0.4427653977546697
耶稣,讲,3,0.165639056834866,0.26439404850739884,0.4427653977546697
修女,宗教,4,0.15977393738247292,0.2953271028037383,0.443723207471703
信仰,圣经,6,0.15321653683631942,0.347964898040227,0.44560599876477724
新教,神父,4,0.14968248395326658,0.27803738317757,0.4422000203618966
宗教,耶稣,14,0.14793947973548024,0.5145403348968173,0.4527075270255775
信徒,说,4,0.14778469295396243,0.2747663551401869,0.4419126923375835
狗,说,4,0.14778469295396243,0.2747663551401869,0.4419126923375835
修女,教会,4,0.14670185581513126,0.2728971962616822,0.4417486242101332
一种,基督教,3,0.13095349884700586,0.21259439818758183,0.4378730383005701
基督教,教皇,3,0.13095349884700586,0.21259439818758183,0.4378730383005701
基督教,撒旦,3,0.13095349884700586,0.21259439818758183,0.4378730383005701
圣经,教义,4,0.12581756264822877,0.23644859813084107,0.4385663656000949
文化,说,3,0.12246688496969459,0.1996444856076277,0.4366636007011345
天主教,说,6,0.12246688496969459,0.2823399391993073,0.4403826781577035
教义,教会,3,0.11930288162704088,0.19478826839014468,0.43621142677598884
基督教,更,5,0.1185309788484597,0.2499380655224064,0.4386346559600065
信仰,基督教,10,0.1185309788484597,0.35346580201508243,0.44329062740942443
东西,耶稣,3,0.10501443501848402,0.17266550106605633,0.4341607846374082
耶稣,西方,3,0.10501443501848402,0.17266550106605633,0.4341607846374082
吃,基督教,4,0.10018184018027952,0.1906542056074767,0.4346127345301145
宗教,教会,6,0.09263463454490345,0.21671498035838718,0.43522714033919946
宗教,说,11,0.08674880236764762,0.2755870046701428,0.4374399239896288
事,圣经,3,0.08175757285423804,0.13597408208951944,0.4307923068337364
想,耶稣,6,0.07602689814525823,0.17932401543739795,0.43231847661324596
修女,没,3,0.07569082017200623,0.12626164765455367,0.4299072619014981
东西,基督教,3,0.07032887703062576,0.11762837260125074,0.4291228254984142
耶稣,说,24,0.061842263153315064,0.29378615295063015,0.4364181620684261
中国,里,4,0.06018663363605551,0.11682242990654212,0.4283372135942003
中国,没,4,0.06018663363605551,0.11682242990654212,0.4283372135942003
历史,基督教,4,0.055730077609486776,0.108411214953271,0.42762965904217903
宗教,神父,5,0.049425880213706946,0.10783281087755985,0.42713785674089055
人类,圣经,3,0.0478560211785885,0.08093695362471384,0.42581227449938264
人类,耶稣,5,0.0478560211785885,0.10448915782709284,0.42687149200043273
基督教,问,5,0.04707201486638062,0.10281733130185933,0.4267383778418179
信,信仰,3,0.04199090172619608,0.07122451918974831,0.4249421273664758
信仰,教会,4,0.028918820158855926,0.05700934579439254,0.42333698677110726
美国,说,3,0.027156705165458265,0.04640385341150268,0.42272982907509016
信,新教,3,0.023641763058017216,0.040468476812357046,0.4222031925879764
上帝,爱,3,0.01759944860206053,0.03021646268655996,0.4212956866754686
上帝,道德,3,0.01759944860206053,0.03021646268655996,0.4212956866754686
佛教,圣经,3,0.015066198355629317,0.0258998251599085,0.42091438295785144
耶稣,里,10,0.015066198355629317,0.04728639491840567,0.4218762049928922
教会,新教,4,0.010569681490677215,0.02102803738317749,0.4203630551667011
基督徒,神,3,-0.003110422413389298,-0.005395796908314324,0.41816392815982345
上帝,信徒,4,-0.008376037801174458,-0.016822429906542258,0.41726098280649976
上帝,回复,4,-0.008376037801174458,-0.016822429906542258,0.41726098280649976
基督教,教义,6,-0.014228510997355108,-0.035101722170724735,0.416006491217608
教,说,3,-0.0172950574053315,-0.03021646268655996,0.41599962313776684
上帝,基督徒,14,-0.019305108333353582,-0.07293484358731597,0.4139299278464755
基督教,里,10,-0.019619359632225986,-0.06265447326688742,0.41436905012659736
基督教,死,4,-0.027651531329481994,-0.05607476635513997,0.41407149835430423
中国,耶稣,10,-0.032186686494868645,-0.10343898888401266,0.41160629586339154
中国,圣经,6,-0.032186686494868645,-0.08012349625926289,0.4126548676922331
上帝,牧师,3,-0.0336938457854384,-0.0593537659914568,0.4134775910722629
上帝,世界,3,-0.0336938457854384,-0.0593537659914568,0.4134775910722629
圣经,基督,7,-0.03438207705830206,-0.09254831021347426,0.4119338764802434
新教,说,7,-0.04183616632142381,-0.1130361040775259,0.4104617251320652
上帝,更,4,-0.046116365783982705,-0.094392523364486,0.4109839409716122
世界,耶稣,3,-0.05750449447913207,-0.10252014125797089,0.4097769970291236
圣经,神父,6,-0.06249203599016582,-0.15795774976826094,0.40691528385075376
上帝,里,9,-0.06648366860839486,-0.20623052959501584,0.4044493791584591
上帝,没,9,-0.06648366860839486,-0.20623052959501584,0.4044493791584591
中国,说,8,-0.07535885836003184,-0.22138389878270442,0.40311213493463227
信,里,3,-0.09615943675447922,-0.17482381982938205,0.4036692257565985
宗教,里,4,-0.09615943675447922,-0.20186915887850487,0.4024529108759824
基督,没,4,-0.09615943675447922,-0.20186915887850487,0.4024529108759824
基督,基督教,11,-0.12790813506902401,-0.45254880316998936,0.38883327754952535
上帝,吃,3,-0.12900402558965982,-0.23849422334749032,0.39837902196706315
上帝,美国,3,-0.12900402558965982,-0.23849422334749032,0.39837902196706315
修女,圣经,4,-0.13446553561517563,-0.2878504672897195,0.3957557876225104
基督教,想,5,-0.1409802166363618,-0.3385448713597811,0.392994557754338
中国,基督,4,-0.14341232160497158,-0.3084112149532712,0.3941700664637212
吃,耶稣,3,-0.152814674283351,-0.28597723614065584,0.3944842950107312
基督教,说,20,-0.1551648516283018,-0.7506501098298358,0.3734128342283943
中国,教会,4,-0.1564844031723091,-0.3387850467289719,0.39183821962876364
基督徒,新教,4,-0.16741347370448653,-0.36448598130841114,0.3898748655692649
信,神父,3,-0.17371767110026495,-0.3286040317163384,0.3910228012885686
上帝,圣经,13,-0.19659731672210845,-0.7833196228937583,0.36888231834654467
圣经,基督徒,7,-0.22543731382079343,-0.6690324410088565,0.3718913147476548
传教士,基督教,4,-0.24276291094618085,-0.5495327102803738,0.37598548480201605
教会,说,8,-0.24477701031787955,-0.7844259338957309,0.36527277674239983
上帝,中,4,-0.24678706124590113,-0.5598130841121494,0.3752258168046637
教堂,说,3,-0.2490966714623904,-0.4899383592749348,0.3781976583103116
没,神父,3,-0.257800788310702,-0.5093632281448661,0.376680950995844
圣经,新教,4,-0.27059770993958876,-0.6214953271028039,0.37069250532361486
基督徒,没,4,-0.2872146735169568,-0.6654205607476635,0.36748929300326133
上帝,狗,3,-0.29605811025261913,-0.5967751380595574,0.36992309295818093
基督,教会,4,-0.3128304735628052,-0.7345794392523364,0.36248635869825174
信,教会,3,-0.3128304735628052,-0.6361644554902512,0.36691239340271586
传教士,说,3,-0.31578804596097415,-0.6431789914710598,0.3663784053025009
狗,耶稣,3,-0.3198687589463054,-0.6528914259060253,0.3656401001754639
基督教,狗,3,-0.3545543169341468,-0.7370658576757277,0.35929174387242
信徒,基督教,3,-0.3545543169341468,-0.7370658576757277,0.35929174387242
更,耶稣,3,-0.3576090869290995,-0.7446199733473681,0.35872630765184527
基督教,神,4,-0.36412376795028384,-0.8785046728971961,0.3522237457141765
基督徒,神父,4,-0.36477290786272365,-0.8803738317757008,0.3520917215819275
圣经,宗教,5,-0.37085431367910093,-1.0039318284027092,0.3460855971196154
上帝,宗教,8,-0.3878656595056127,-1.3401986469591758,0.3297057151191097
教会,没,3,-0.39691359077322663,-0.8439026364603501,0.35135721240253764
上帝,修女,5,-0.3983369593728926,-1.0942104607653174,0.33999490726174236
事,基督教,3,-0.46375360889897427,-1.021963934434721,0.33841071251500754
基督教,教堂,3,-0.46375360889897427,-1.021963934434721,0.33841071251500754
修女,说,4,-0.4653197799317167,-1.1850467289719626,0.3309606432234963
基督徒,宗教,4,-0.49081362875789536,-1.2672897196261683,0.3253782852409815
没,耶稣,6,-0.49575942540970475,-1.5719466885150615,0.3113114694441108
圣经,基督教,10,-0.5174577878707476,-2.1432558496767364,0.28401468283823617
基督徒,基督教,9,-0.5196340672933395,-2.0442367601246105,0.28830709031243673
基督教,教会,7,-0.5929653403787613,-2.1413276966186316,0.2785224745066411
上帝,基督,6,-0.6755477319569023,-2.364024680106631,0.2624054306667387
上帝,神父,5,-0.7318285678553782,-2.4124456759119224,0.25606943921474457
基督教,耶稣,13,-0.7659191471687741,-4.1498832437223925,0.1754125439439985
基督教,神父,5,-0.7903247745368616,-2.692476618888532,0.23915352801700135
基督徒,教会,3,-0.7915677827764559,-2.0903317222809443,0.26614205792579004
圣经,耶稣,7,-0.8394471738209527,-3.479392578636344,0.20013397582374148
上帝,耶稣,9,-1.0751477206117035,-5.7912772585669785,0.07874628703964062
神父,说,3,-1.0864934608652015,-3.4015103710013093,0.1853834143825901
上帝,教会,4,-1.0940849216313981,-3.972897196261682,0.15912543237242455
基督,耶稣,4,-1.1048234887577317,-4.037383177570093,0.15543186691983107
上帝,基督教,9,-1.10983327859949,-6.101557632398754,0.06222922767740432
基督徒,耶稣,3,-1.583560797970368,-6.706975557034625,0.0
