seed_word,candidate_word,similarity,language
圣母/圣母婊,圣母 婊,0.9810214042663574,zh
神棍,神棍,0.9714870452880859,zh
偽善者,偽善 者,0.9667166471481323,jp
偽善者,偽善,0.9568259716033936,jp
职业演员/神棍,神棍,0.938767671585083,zh
圣母心,圣母,0.9355743527412415,zh
マインドコントロール,洗脳,0.9336042404174805,jp
上から目線信者,信者 の,0.9333292841911316,jp
念经,念,0.9308663606643677,zh
圣母/圣母婊,圣母,0.9306684732437134,zh
パヨク信者,信者 の,0.9286963939666748,jp
封建迷信,迷信,0.928196132183075,zh
カチカチ信者,信者 の,0.9257259964942932,jp
宗教黑社会,邪教,0.9250997304916382,zh
右翼キリスト,キリスト,0.9233254194259644,jp
カルト予備軍,カルト,0.9230068325996399,jp
圣母心,圣母 婊,0.9211053848266602,zh
神话故事集,故事,0.9168917536735535,zh
吃教的,吃,0.916611909866333,zh
宗教ビジネス,の 宗教,0.9161956906318665,jp
右翼キリスト,キリスト 教,0.9161161184310913,jp
圣母/圣母婊,婊,0.9159320592880249,zh
右翼キリスト,キリスト教徒,0.9152869582176208,jp
圣母心,圣灵,0.9152485132217407,zh
パン信者,信者 の,0.9151486158370972,jp
マインドコントロール教育,洗脳,0.9136946797370911,jp
上から目線信者,信者,0.9126073718070984,jp
福音脑,福音,0.9123862981796265,zh
宗教脳,の 宗教,0.9115340709686279,jp
パヨク信者,信者,0.9114091992378235,jp
圣经推销员,圣经 的,0.910946786403656,zh
宗教税,宗教 的,0.9087265133857727,zh
地獄商法,地獄,0.907555878162384,jp
圣母/圣母婊,圣灵,0.90704745054245,zh
蒙昧主义者,神棍,0.9065825939178467,zh
精神美国人,精神,0.9062469005584717,zh
宗教黑社会,的 宗教,0.9053303599357605,zh
カチカチ信者,信じ,0.9051553606987,jp
圣母/圣母婊,神棍,0.9051259160041809,zh
精神美国人,美国,0.9051231741905212,zh
圣经推销员,圣经 里,0.9046587944030762,zh
カチカチ信者,信者,0.9043106436729431,jp
宗教黑社会,宗教 的,0.9043095111846924,zh
圣母心,心,0.9042719602584839,zh
宗教税,的 宗教,0.9041470885276794,zh
圣经推销员,传教士,0.9033869504928589,zh
右翼キリスト,キリスト教,0.9032468795776367,jp
上から目線信者,信じ,0.9026972055435181,jp
精神鸦片吸食者,神棍,0.9023398756980896,zh
蒙昧主义者,的 信徒,0.9018704295158386,zh
カチカチ信者,信じる,0.9012958407402039,jp
上から目線信者,信じる,0.9012924432754517,jp
パヨク信者,信じ,0.9012113213539124,jp
满口仁义道德,道德,0.9007005095481873,zh
上から目線信者,を 信じ,0.9006286859512329,jp
圣母/圣母婊,的 神父,0.9005429744720459,zh
カチカチ信者,を 信じ,0.8995081186294556,jp
独り言,自分 の,0.8993939757347107,jp
圣经推销员,圣经,0.8992734551429749,zh
神学論争 ,教義,0.8989787101745605,jp
宗教団体という名の暴力,の 宗教,0.8989734053611755,jp
パン信者,信者,0.8989382386207581,jp
圣母/圣母婊,修女,0.8988434076309204,zh
内ゲバ ,に,0.8987675309181213,jp
神棍,神,0.898754358291626,zh
選民思想,主義,0.8983848690986633,jp
因習 ,理由,0.898268461227417,jp
圣经推销员,牧师,0.8982619643211365,zh
集団ヒステリー,集団,0.898022472858429,jp
パヨク信者,信じる,0.8979247808456421,jp
独り言,だけ,0.8976930975914001,jp
道德警察,道德,0.8976030945777893,zh
神棍,神 的,0.8974366784095764,zh
宗教ビジネス,宗教,0.896824300289154,jp
右翼キリスト,イエス,0.8963754177093506,jp
パヨク信者,プロテスタント,0.8963235020637512,jp
神学論争 ,論,0.8962517976760864,jp
念经,祷告,0.8959704637527466,zh
独り言,自称,0.8954424858093262,jp
魔法の本,本,0.8953768014907837,jp
偽善者,嘘,0.8952010273933411,jp
罪のロンダリング,罪,0.8949319124221802,jp
右翼キリスト,プロテスタント,0.8949137926101685,jp
宗教ビジネス,キリスト 教,0.894911527633667,jp
独り言,自分,0.8947218060493469,jp
神棍,邪教,0.8946154713630676,zh
福音脑,的 基督教,0.8945463299751282,zh
宗教脳,カルト,0.8941208720207214,jp
圣母/圣母婊,的 上帝,0.8941053152084351,zh
念经,阿米 念,0.8940424919128418,zh
神棍,撒旦,0.8938016891479492,zh
圣经推销员,的 基督徒,0.8937955498695374,zh
蒙昧主义者,不信,0.8936048150062561,zh
神学論争 ,キリスト教,0.8934621214866638,jp
职业演员/神棍,的 人,0.8933693766593933,zh
神仏を敬わぬ者,神 の,0.8930017948150635,jp
パヨク信者,を 信じ,0.8929426074028015,jp
神学論争 ,キリスト 教,0.892720639705658,jp
宗教ビジネス,キリスト教,0.8924305438995361,jp
独り言,言っ,0.8923969268798828,jp
念经,圣经 的,0.8922257423400879,zh
属灵贵族,圣灵,0.8921312093734741,zh
文化特务/洋教,西方,0.8921225666999817,zh
神棍,是 神,0.8918076157569885,zh
圣经推销员,传教,0.8915255069732666,zh
右翼キリスト,統一教会 に,0.8913816809654236,jp
宗教黑社会,的 基督教,0.8913231492042542,zh
蒙昧主义者,邪教,0.8913032412528992,zh
因習 ,ので,0.8912814855575562,jp
パヨク信者,キリスト教徒,0.8912357687950134,jp
宗教脳,宗教,0.8911759853363037,jp
吃教的,教,0.8909587264060974,zh
上から目線信者,キリスト,0.8909057378768921,jp
精神传销,精神,0.8908923864364624,zh
圣母心,修女,0.8906272053718567,zh
洗脑,邪教,0.8905652761459351,zh
福音脑,耶稣 的,0.8905426859855652,zh
圣经推销员,的 信徒,0.8904787302017212,zh
神学論争 ,の 宗教,0.8904091715812683,jp
右翼キリスト,統一教会 の,0.8903725147247314,jp
文化特务/洋教,传教,0.8903113007545471,zh
福音脑,圣经 的,0.8902954459190369,zh
宗教税,宗教,0.8900323510169983,zh
パヨク信者,カルト,0.889799177646637,jp
宗教団体という名の暴力,カルト,0.889690101146698,jp
福音脑,的 基督徒,0.8896161317825317,zh
圣母/圣母婊,撒旦,0.8895681500434875,zh
シャクブク野郎,こいつ,0.8895111680030823,jp
宗教団体という名の暴力,統一教会 の,0.8894748687744141,jp
文化特务/洋教,邪教,0.8894315958023071,zh
神棍,的 神父,0.8894305229187012,zh
神棍,异端,0.8893991112709045,zh
右翼キリスト,統一教会,0.8893368244171143,jp
右翼キリスト,が 統一教会,0.8893305659294128,jp
内ゲバ ,なかっ,0.889157235622406,jp
神学論争 ,神 の,0.8890846371650696,jp
神棍,恶魔,0.8890284895896912,zh
宗教脳,神 の,0.8889356851577759,jp
排他怪,念 异端,0.8888612985610962,zh
宗教団体という名の暴力,統一教会 を,0.8888505101203918,jp
职业演员/神棍,异端,0.8888391852378845,zh
宗教黑社会,基督教 的,0.8887839317321777,zh
宗教黑社会,神棍,0.888779878616333,zh
文化特务/洋教,新教,0.888759434223175,zh
宗教団体という名の暴力,が 統一教会,0.8887094855308533,jp
神棍,圣母 婊,0.8886979818344116,zh
宗教脳,洗脳,0.8886834979057312,jp
福音脑,新教,0.8886663913726807,zh
假先知,神棍,0.8886555433273315,zh
宗教団体という名の暴力,統一教会 に,0.888637900352478,jp
パヨク信者,統一教会 に,0.8886102437973022,jp
福音脑,圣经 里,0.888536274433136,zh
职业演员/神棍,神 的,0.8884188532829285,zh
独り言,言う,0.8882946968078613,jp
パヨク信者,キリスト,0.8882384300231934,jp
被害妄想教,被害,0.8881399035453796,jp
圣经推销员,的 神父,0.8881101608276367,zh
福音脑,耶稣基督,0.8880294561386108,zh
念经,圣经,0.8879867792129517,zh
福音脑,基督教 的,0.8879714608192444,zh
宗教黑社会,的 信徒,0.8879187703132629,zh
蒙昧主义者,迷信,0.8878751397132874,zh
宗教団体という名の暴力,に 統一教会,0.8877333402633667,jp
内ゲバ ,のに,0.8876544833183289,jp
精神鸦片吸食者,者,0.8874877691268921,zh
因習 ,ため,0.8873880505561829,jp
宗教団体という名の暴力,は 統一教会,0.8873764872550964,jp
原教旨余孽,邪教,0.887347936630249,zh
圣母/圣母婊,圣战,0.887343168258667,zh
念经,圣经 里,0.8871849179267883,zh
偽善者,詐欺,0.8871565461158752,jp
政治利用の道具,政治 家,0.8871476650238037,jp
文化特务/洋教,教,0.8871073126792908,zh
独り言,私,0.8870978355407715,jp
上から目線信者,キリスト 教,0.8870758414268494,jp
原始人,人間,0.8870406746864319,jp
道徳の押し売り,洗脳,0.8869609832763672,jp
宗教団体という名の暴力,統一教会 と,0.8869331479072571,jp
内ゲバ ,に なる,0.8869195580482483,jp
神学論争 ,宗教,0.8869026899337769,jp
老头子/蓝小伙,老,0.8868411183357239,zh
职业演员/神棍,的 神父,0.8868264555931091,zh
内ゲバ ,へ の,0.8867611885070801,jp
内ゲバ ,に は,0.8867058753967285,jp
宗教団体という名の暴力,教会 の,0.8866704702377319,jp
狗咬狗,狗,0.8866240382194519,zh
圣经推销员,耶稣 的,0.8864866495132446,zh
老头子/蓝小伙,的 人,0.8864051103591919,zh
精神鸦片吸食者,的 人,0.8864004611968994,zh
カチカチ信者,キリスト 教,0.8863640427589417,jp
职业演员/神棍,者,0.8862074613571167,zh
神话故事集,神,0.8861974477767944,zh
职业演员/神棍,圣母 婊,0.8861366510391235,zh
パン信者,信じ,0.8860987424850464,jp
宗教黑社会,的 教会,0.8860539793968201,zh
职业演员/神棍,是 神,0.8860250115394592,zh
上から目線信者,キリスト教徒,0.8859930634498596,jp
内ゲバ ,で,0.8859760165214539,jp
神学論争 ,キリスト教徒,0.8859410285949707,jp
宗教ビジネス,キリスト教徒,0.8858329653739929,jp
蒙昧主义者,不 信,0.8858169913291931,zh
Moral license to sin,sins,0.8858075737953186,en
被害妄想教,偽善,0.8857203125953674,jp
文化特务/洋教,念 异端,0.8856859803199768,zh
善人面,偽善 者,0.8856154680252075,jp
独り言,言葉,0.8853809833526611,jp
ムラ社会 ,社会,0.8853194117546082,jp
文明之癌,文明,0.8852663636207581,zh
宗教税,宗教信仰,0.885213315486908,zh
圣母心,的 神父,0.8851726055145264,zh
蒙昧主义者,信徒,0.8850565552711487,zh
内ゲバ ,に し,0.8847663402557373,jp
内ゲバ ,に する,0.8847309947013855,jp
独り言,話,0.8846967220306396,jp
内ゲバ ,なけれ,0.8846416473388672,jp
职业演员/神棍,念 异端,0.8846389651298523,zh
神学論争 ,神,0.8846197128295898,jp
神话故事集,神 的,0.8846101760864258,zh
カチカチ信者,キリスト,0.8845897912979126,jp
福音脑,基督,0.8845157027244568,zh
封建迷信,邪教,0.8844906091690063,zh
独り言,言っ て,0.8844791650772095,jp
神仏を敬わぬ者,偽善 者,0.8843910098075867,jp
宗教脳,教義,0.8842999935150146,jp
教权余孽,邪教,0.8842683434486389,zh
宗教黑社会,的 神父,0.8842135667800903,zh
女性の敵,悪魔,0.8841710090637207,jp
假先知,不信,0.8841391205787659,zh
宗教黑社会,的 基督徒,0.8840577602386475,zh
宗教ビジネス,カルト,0.883876621723175,jp
教权余孽,教,0.8838547468185425,zh
圣母心,耶稣 的,0.8837005496025085,zh
上から目線信者,イエス,0.8835946917533875,jp
カチカチ信者,キリスト教徒,0.8835495114326477,jp
吃教的,讲,0.8833832144737244,zh
パン信者,信じる,0.8833146095275879,jp
蒙昧主义者,的 神父,0.8833053708076477,zh
排他怪,异端,0.883281409740448,zh
シャクブク野郎,バカ,0.8830623030662537,jp
泥巴捏的人,的 人,0.8830227851867676,zh
蒙昧主义者,的 信仰,0.8829845190048218,zh
文化特务/洋教,神棍,0.8829448819160461,zh
蒙昧主义者,教徒,0.8828782439231873,zh
マインドコントロール教育,教 の,0.8828302025794983,jp
文化特务/洋教,的 基督教,0.8827849626541138,zh
神学論争 ,キリスト,0.8827680945396423,jp
パン信者,プロテスタント,0.8825450539588928,jp
選民思想,政党,0.8824314475059509,jp
神话故事集,圣战,0.8822702765464783,zh
圣母心,耶稣基督,0.8822657465934753,zh
文化特务/洋教,美国,0.8822022080421448,zh
老头子/蓝小伙,他,0.8821914196014404,zh
念经,佛教,0.8821667432785034,zh
因習 ,だから,0.8821365833282471,jp
Moral license to sin,sin,0.8821226358413696,en
宗教脳,キリスト 教,0.8821078538894653,jp
宗教脳,キリスト教,0.8820925951004028,jp
念经,教义,0.8820466995239258,zh
偽善者,馬鹿,0.8820309638977051,jp
精神美国人,的 人,0.8820101022720337,zh
原始人,人,0.8819763660430908,jp
文化特务/洋教,的 宗教,0.8819437623023987,zh
念经,读,0.8819364905357361,zh
念经,佛,0.8819357752799988,zh
被害妄想教,偽善 者,0.8816751837730408,jp
善人面,偽善,0.8815752863883972,jp
排他怪,它,0.8814994692802429,zh
宗教ビジネス,教会 の,0.8813513517379761,jp
教权余孽,的 神父,0.8811420202255249,zh
职业演员/神棍,的 上帝,0.8811406493186951,zh
オカルト商法,カルト,0.8810969591140747,jp
オカルト商法,詐欺,0.8810887932777405,jp
神仏を敬わぬ者,の 宗教,0.8810719847679138,jp
洗脑,迷信,0.8810633420944214,zh
宗教ビジネス,教義,0.8810375928878784,jp
子宫警察,圣母 婊,0.8810297846794128,zh
洗脑,搞,0.8810086846351624,zh
カチカチ信者,こいつ,0.8810075521469116,jp
精神传销,传教,0.8809995651245117,zh
属灵贵族,神棍,0.8809567093849182,zh
吃教的,给,0.880939781665802,zh
選民思想,政治 家,0.880902111530304,jp
宗教脳,教会 の,0.8807958364486694,jp
吃教的,东西,0.8806768655776978,zh
洗脑,神棍,0.8806621432304382,zh
教权余孽,教徒,0.8806480169296265,zh
神仏を敬わぬ者,信者 の,0.880571186542511,jp
宗教税,的 基督教,0.8805630207061768,zh
上から目線信者,から,0.8804985284805298,jp
パン信者,キリスト,0.8804686069488525,jp
選民思想,政治,0.8802378177642822,jp
シャクブク野郎,こいつ ら,0.8802070021629333,jp
圣母心,的 上帝,0.8801353573799133,zh
因習 ,わけ,0.8801276683807373,jp
道徳の押し売り,偽善 者,0.8801268339157104,jp
原教旨余孽,的 基督教,0.8801244497299194,zh
文明の敵,悪魔,0.88006591796875,jp
因習 ,だって,0.8798415064811707,jp
封建迷信,的 信仰,0.8796669840812683,zh
原教旨余孽,的 信仰,0.8796132206916809,zh
God-botherer,god s,0.8796125054359436,en
シャクブク野郎,ズブズブ,0.8795387744903564,jp
精神春药,精神,0.8794644474983215,zh
マインドコントロール,考え,0.8793774247169495,jp
宗教税,的 信仰,0.8793736100196838,zh
宗教脳,教 は,0.8793447613716125,jp
洗脑,被,0.8793234825134277,zh
精神鸦片吸食者,的 信徒,0.8793060183525085,zh
排他怪,搞,0.8792017698287964,zh
原教旨余孽,新教,0.8791883587837219,zh
精神鸦片吸食者,精神,0.8790338635444641,zh
圣母心,天主教,0.8789277076721191,zh
マインドコントロール教育,教 は,0.8788999915122986,jp
洗脑,传教,0.8788415193557739,zh
教权余孽,神棍,0.8787950277328491,zh
パン信者,キリスト教徒,0.8786858916282654,jp
宗教ビジネス,が 統一教会,0.8786633014678955,jp
教权余孽,教廷,0.8785178661346436,zh
吃教的,而已,0.8785150051116943,zh
吃教的,拿,0.8784939050674438,zh
假先知,邪教,0.8784496784210205,zh
マインドコントロール教育,教え,0.8783963918685913,jp
因習 ,による,0.8783767819404602,jp
吃教的,读,0.8783540725708008,zh
教权余孽,传教,0.8783396482467651,zh
精神鸦片吸食者,异端,0.8782753348350525,zh
老头子/蓝小伙,的 神父,0.878159761428833,zh
宗教ビジネス,キリスト,0.8780761361122131,jp
吃教的,是 被,0.87802654504776,zh
假先知,迷信,0.8779572248458862,zh
吃教的,做,0.8778415322303772,zh
教案余孽,念 异端,0.8778257369995117,zh
終末論オタク,カルト,0.8778196573257446,jp
原教旨余孽,根本,0.8777937293052673,zh
善人面,人 を,0.8777347803115845,jp
道徳の押し売り,偽善,0.8775257468223572,jp
政治利用の道具,政治,0.8774471282958984,jp
石器时代思维,文明,0.8772886395454407,zh
二毛子,婊,0.8772779703140259,zh
精神鸦片吸食者,念 异端,0.8771897554397583,zh
被害妄想教,罪,0.8771762251853943,jp
神话故事集,的 上帝,0.8771523833274841,zh
网络审判,罪,0.8771116733551025,zh
泥巴捏的人,婊,0.8770553469657898,zh
神话故事集,圣经 的,0.8768490552902222,zh
因習 ,はず,0.8768008947372437,jp
宗教税,基督教 的,0.8767583966255188,zh
老头子/蓝小伙,他 的,0.8766321539878845,zh
精神鸦片吸食者,圣母 婊,0.8765634298324585,zh
老头子/蓝小伙,男人,0.8765571713447571,zh
精神美国人,神棍,0.8765533566474915,zh
お雇い外国人精神,日本人,0.876549243927002,jp
カチカチ信者,統一教会 に,0.8763930797576904,jp
二毛子,两个,0.8763715624809265,zh
原教旨余孽,的 信徒,0.8763565421104431,zh
パン信者,キリスト 教,0.8762309551239014,jp
精神鸦片吸食者,邪教,0.8762282133102417,zh
原教旨余孽,忏悔,0.8761996030807495,zh
教案余孽,讲,0.8761383891105652,zh
精神鸦片吸食者,禁果,0.8760764598846436,zh
パン信者,を 信じ,0.8760266900062561,jp
神仏を敬わぬ者,キリスト,0.876005232334137,jp
宽容党/假清高,洪秀全,0.8758870959281921,zh
バテレンの残り香,たら,0.8758406043052673,jp
偽善者,悪魔,0.8757917284965515,jp
被害妄想教,嘘,0.8757421374320984,jp
因習 ,なぜ,0.8757166862487793,jp
排他怪,他,0.8757163882255554,zh
洗脑,变成,0.8756044507026672,zh
被害妄想教,洗脳,0.8755355477333069,jp
マインドコントロール,支配,0.8754673600196838,jp
属灵贵族,的 人,0.8753167986869812,zh
被害妄想教,詐欺,0.8753137588500977,jp
老头子/蓝小伙,是 个,0.8752831816673279,zh
封建迷信,的 宗教,0.8752644062042236,zh
原教旨余孽,念 异端,0.8751891851425171,zh
選民思想,主張,0.8751823306083679,jp
教权余孽,传教士,0.8751705288887024,zh
シャクブク野郎,ぞ,0.8751603960990906,jp
教权余孽,的 教会,0.8750320076942444,zh
神仏を敬わぬ者,イエス,0.8749316930770874,jp
カルト予備軍,洗脳,0.874921977519989,jp
教权余孽,的 基督教,0.8749145269393921,zh
原教旨余孽,本来,0.8747648000717163,zh
文明の敵,偽善 者,0.8747473955154419,jp
封建迷信,神棍,0.8746535778045654,zh
パン信者,イエス,0.8746495246887207,jp
精神美国人,者,0.8745691776275635,zh
罪のロンダリング,犯罪,0.8745660781860352,jp
女性の敵,相手,0.8744428753852844,jp
因習 ,そもそも,0.8744063377380371,jp
老头子/蓝小伙,主,0.8743269443511963,zh
生臭坊主 ,奴,0.8741056323051453,jp
原教旨余孽,的 宗教,0.8740817308425903,zh
お雇い外国人精神,奴,0.8740387558937073,jp
排他怪,神棍,0.8740293383598328,zh
老头子/蓝小伙,那个,0.8739866018295288,zh
老头子/蓝小伙,爹,0.8739182353019714,zh
宽容党/假清高,圣母 婊,0.8739145398139954,zh
偽善者,洗脳,0.8738085031509399,jp
泥巴捏的人,搞,0.8737676739692688,zh
神话故事集,上帝 的,0.8737122416496277,zh
神话故事集,神棍,0.8736883997917175,zh
道德警察,神棍,0.8736478686332703,zh
Holy laughter ,holy,0.8736376166343689,en
呪文 ,言葉,0.8736180663108826,jp
教案余孽,忏悔,0.8735958933830261,zh
宽容党/假清高,婊,0.8735201358795166,zh
泥巴捏的人,神棍,0.8735156655311584,zh
子宫警察,女人,0.8733572959899902,zh
教案余孽,还,0.8733437061309814,zh
お雇い外国人精神,の 人,0.8732155561447144,jp
偽善者,者,0.8731688857078552,jp
マインドコントロール,カルト,0.8730039596557617,jp
シャクブク野郎,馬鹿,0.8728561997413635,jp
ムラ社会 ,しろ,0.87285315990448,jp
石器时代思维,人类,0.8727490901947021,zh
善人面,様,0.8727239370346069,jp
神话故事集,圣经,0.8726692199707031,zh
呪文 ,洗脳,0.8726590871810913,jp
バテレンの残り香,そして,0.8726004362106323,jp
政治利用の道具,の ため,0.8725800514221191,jp
石器时代思维,时代,0.872498631477356,zh
バテレンの残り香,さ れる,0.8724789619445801,jp
善人面,人間,0.8724756836891174,jp
シャクブク野郎,クズ,0.8724530339241028,jp
神话故事集,是 神,0.8723797798156738,zh
女性の敵,偽善 者,0.8723291754722595,jp
精神美国人,们,0.8723165988922119,zh
洗脑,是 被,0.8723021745681763,zh
宗教税,教派,0.8722267150878906,zh
オカルト商法,悪魔,0.8720688819885254,jp
猫かぶり,ちゃん,0.8719260096549988,jp
神仏を敬わぬ者,キリスト教徒,0.8718660473823547,jp
ムラ社会 ,たち,0.8717836737632751,jp
泥巴捏的人,谁,0.8716720938682556,zh
属灵贵族,的 信徒,0.8715843558311462,zh
神仏を敬わぬ者,キリスト 教,0.8715726733207703,jp
呪文 ,悪魔,0.87152099609375,jp
宗教税,的 教会,0.8714326620101929,zh
お雇い外国人精神,という,0.8713583946228027,jp
お雇い外国人精神,お前,0.8713330030441284,jp
政治利用の道具,ため に,0.8713034987449646,jp
終末論オタク,ネトウヨ,0.8712664246559143,jp
属灵贵族,修女,0.8712627291679382,zh
小圈子,吧,0.8712312579154968,zh
排他怪,打,0.8711499571800232,zh
バテレンの残り香,ず,0.8711130619049072,jp
假先知,不 信,0.8710688352584839,zh
教案余孽,的 问题,0.8710575103759766,zh
宗教税,信教,0.8709408044815063,zh
属灵贵族,者,0.8708575367927551,zh
精神美国人,的 信徒,0.8707287311553955,zh
バテレンの残り香,れる,0.870715856552124,jp
魔法の本,聖書,0.8706296682357788,jp
偽善者,他,0.8706173896789551,jp
拆庙党,邪教,0.8705809712409973,zh
ムラ社会 ,られ,0.8702958226203918,jp
教案余孽,的 事,0.8702438473701477,zh
バテレンの残り香,てる の,0.8702388405799866,jp
精神美国人,中国 人,0.8702195882797241,zh
子宫警察,婊,0.8702122569084167,zh
精神传销,神棍,0.8701643347740173,zh
お雇い外国人精神,洗脳,0.8701471090316772,jp
拆庙党,的 神父,0.8701029419898987,zh
シャクブク野郎,お前,0.8700300455093384,jp
シャクブク野郎,だっ,0.8700219988822937,jp
属灵贵族,主,0.8700212240219116,zh
バテレンの残り香,たり,0.8699995279312134,jp
Holier-than-thou,holy,0.8699548840522766,en
バテレンの残り香,の,0.8697778582572937,jp
封建迷信,宗教 的,0.8697492480278015,zh
集団ヒステリー,カルト,0.8697283267974854,jp
善人面,人,0.8697165846824646,jp
宽容党/假清高,神棍,0.8696538805961609,zh
封建迷信,世俗,0.8695955276489258,zh
迷途羊,它,0.8695904016494751,zh
お雇い外国人精神,偽善 者,0.8695218563079834,jp
小圈子,们,0.8695068359375,zh
二毛子,他,0.8694695234298706,zh
土足で上がる,そして,0.8694518208503723,jp
神仏を敬わぬ者,神,0.8694140911102295,jp
土足で上がる,から,0.8693886995315552,jp
バテレンの残り香,です,0.8693332672119141,jp
小圈子,一点,0.8692699670791626,zh
善人面,者,0.8692042231559753,jp
バテレンの残り香,この,0.869202733039856,jp
お雇い外国人精神,者,0.869175136089325,jp
地獄商法,悪魔,0.8691554665565491,jp
泥巴捏的人,打,0.8691020011901855,zh
心理安慰剂,精神,0.8690971732139587,zh
西洋かぶれ,アメリカ,0.869086742401123,jp
封建迷信,传统,0.8689804077148438,zh
子宫警察,神棍,0.8689720034599304,zh
封建迷信,不信,0.8689134120941162,zh
選民思想,統一,0.8686413168907166,jp
オカルト商法,洗脳,0.8685974478721619,jp
政治利用の道具,もの,0.8685324788093567,jp
お花畑,お,0.86850905418396,jp
土足で上がる,とか,0.8684645891189575,jp
マインドコントロール,教え,0.8684434294700623,jp
ムラ社会 ,すら,0.8684343099594116,jp
属灵贵族,神 的,0.8683777451515198,zh
呪文 ,教え,0.8683405518531799,jp
假先知,的 信徒,0.8683368563652039,zh
政治利用の道具,政党,0.8683311343193054,jp
教案余孽,的,0.8682839274406433,zh
政治利用の道具,政権,0.8681936860084534,jp
呪文 ,カルト,0.8680903911590576,jp
精神美国人,的 基督徒,0.8680470585823059,zh
偽善者,罪,0.868045449256897,jp
土足で上がる,で,0.8679338097572327,jp
精神传销,邪教,0.867932140827179,zh
道德警察,罪,0.8678886294364929,zh
骗死人钱,死,0.8678849935531616,zh
宽容党/假清高,的 人,0.8678783178329468,zh
小圈子,下,0.8678757548332214,zh
呪文 ,しろ,0.8678598403930664,jp
满口仁义道德,一切,0.8678183555603027,zh
土足で上がる,に する,0.8677783012390137,jp
教案余孽,邪恶,0.8677178025245667,zh
罪のロンダリング,偽善 者,0.8677164912223816,jp
政治利用の道具,として,0.8676614761352539,jp
ムラ社会 ,スレ,0.8676216006278992,jp
属灵贵族,是 神,0.8676106333732605,zh
土足で上がる,できる,0.867540717124939,jp
神仏を敬わぬ者,者 が,0.8675287961959839,jp
呪文 ,神 の,0.8674799799919128,jp
お雇い外国人精神,者 が,0.8674720525741577,jp
宽容党/假清高,忏悔,0.8674506545066833,zh
拆庙党,的 教会,0.8674213886260986,zh
オカルト商法,偽善 者,0.8673508167266846,jp
土足で上がる,という,0.8673136830329895,jp
精神美国人,圣灵,0.8672998547554016,zh
拆庙党,的 信徒,0.8672510981559753,zh
ムラ社会 ,ら,0.8672201037406921,jp
教案余孽,最后,0.8671753406524658,zh
洗脑,不信,0.8670652508735657,zh
排他怪,那个,0.8670368194580078,zh
拆庙党,神棍,0.8669958114624023,zh
処刑器具,もの,0.8669947981834412,jp
土足で上がる,だっ,0.8669554591178894,jp
假先知,的 神父,0.8668551445007324,zh
シャクブク野郎,さん,0.8668358325958252,jp
洗脑,讲,0.8667292594909668,zh
お雇い外国人精神,あなた,0.8667209148406982,jp
属灵贵族,圣母 婊,0.8667169809341431,zh
土足で上がる,山上,0.8667035102844238,jp
土足で上がる,でき,0.8666571974754333,jp
泥巴捏的人,们,0.8666062951087952,zh
排他怪,婊,0.8665266633033752,zh
宽容党/假清高,或者,0.8663510680198669,zh
宽容党/假清高,搞,0.8663473129272461,zh
選民思想,自民党,0.8663293123245239,jp
God-botherer,god,0.8663039803504944,en
政治利用の道具,ため,0.866283118724823,jp
满口仁义道德,忏悔,0.8662781119346619,zh
假先知,撒旦,0.8662621974945068,zh
マインドコントロール教育,考え,0.8662263751029968,jp
被害妄想教,犯罪,0.8662177324295044,jp
水浴び,気,0.8662059307098389,jp
石器时代思维,论,0.8661509156227112,zh
政治利用の道具,という,0.8661083579063416,jp
假先知,搞,0.8660677075386047,zh
原始人,者,0.8660658597946167,jp
小圈子,个,0.8660385608673096,zh
二毛子,一,0.865993320941925,zh
排他怪,恶魔,0.865947425365448,zh
ムラ社会 ,する,0.865886926651001,jp
被害妄想教,馬鹿,0.8658156394958496,jp
ムラ社会 ,クズ,0.8658104538917542,jp
小圈子,这个,0.8657715320587158,zh
ムラ社会 ,まし,0.8657597303390503,jp
文明之癌,邪教,0.8657335042953491,zh
泥巴捏的人,者,0.8657209277153015,zh
処刑器具,破壊,0.8656789064407349,jp
西洋かぶれ,すれ,0.8656723499298096,jp
子宫警察,修女,0.8656405210494995,zh
小圈子,里,0.8656094074249268,zh
假先知,传教士,0.8655403852462769,zh
教案余孽,恶魔,0.8654381632804871,zh
小圈子,的,0.8653007745742798,zh
猫かぶり,き,0.8652874231338501,jp
泥巴捏的人,圣母 婊,0.865286111831665,zh
空想の友人,あなた,0.8652802109718323,jp
道德警察,者,0.8652233481407166,zh
宽容党/假清高,那个,0.8652229309082031,zh
宽容党/假清高,这个,0.8651877641677856,zh
中世に戻りたい奴,こいつ,0.8651804327964783,jp
封建迷信,信仰 的,0.8651660084724426,zh
空想の友人,思い,0.8651195764541626,jp
空想の友人,思っ,0.8649975061416626,jp
道徳の押し売り,詐欺,0.8649425506591797,jp
善人面,人 の,0.8649265766143799,jp
処刑器具,悪魔,0.8648709654808044,jp
经院废话,笑话,0.8647969365119934,zh
女性の敵,の 人,0.8645591735839844,jp
中世に戻りたい奴,なかっ,0.8645310997962952,jp
空想の友人,ども,0.8645027279853821,jp
满口仁义道德,愿意,0.8644344806671143,zh
西洋かぶれ,です,0.8643926382064819,jp
呪文 ,書い,0.8643922805786133,jp
終末論オタク,スレ,0.8643908500671387,jp
水浴び,れる,0.8643242716789246,jp
文明の敵,破壊,0.8643085360527039,jp
狗咬狗,基督 狗,0.8643060326576233,zh
精神传销,传教士,0.8642931580543518,zh
小圈子,大家,0.8642130494117737,zh
被害妄想症,想,0.8640801310539246,zh
石器时代思维,想,0.8639612197875977,zh
经院废话,吧,0.8639490008354187,zh
集団ヒステリー,洗脳,0.8639036417007446,jp
拆庙党,的 宗教,0.8638953566551208,zh
原始人,前,0.8638851642608643,jp
网络审判,微博,0.8638695478439331,zh
マインドコントロール教育,支配,0.8638678789138794,jp
网络审判,者,0.8638571500778198,zh
小圈子,那个,0.8638558983802795,zh
西洋かぶれ,など,0.8638402223587036,jp
西洋かぶれ,という,0.8638373017311096,jp
道德警察,邪教,0.8638108968734741,zh
满口仁义道德,教义,0.8637619018554688,zh
文明之癌,神棍,0.8637505173683167,zh
マインドコントロール,詐欺,0.8637349605560303,jp
呪文 ,の 宗教,0.8637259602546692,jp
文明の敵,カルト,0.8635985255241394,jp
呪文 ,言っ,0.8635404706001282,jp
空想の友人,思っ て,0.8634545803070068,jp
经院废话,的话,0.8634111881256104,zh
中世に戻りたい奴,という,0.8633767366409302,jp
二毛子,被,0.8633646965026855,zh
善人面,人 は,0.8633511662483215,jp
被害妄想教,思っ,0.8632057905197144,jp
洗脑从小抓起,传教,0.8631891012191772,zh
子宫警察,的 人,0.8631007671356201,zh
二毛子,个,0.8630334734916687,zh
中世に戻りたい奴,お前,0.8630170822143555,jp
善人面,の 人,0.8629491925239563,jp
骗死人钱,邪教,0.862933874130249,zh
精神传销,宗教 的,0.8628983497619629,zh
经院废话,没,0.8628687262535095,zh
网络审判,的 事,0.8625228404998779,zh
二毛子,一个,0.8625200390815735,zh
女性の敵,こいつ,0.8624952435493469,jp
泥巴捏的人,那些,0.8624731302261353,zh
女性の敵,お前,0.862398087978363,jp
洗脑从小抓起,开始,0.8623409867286682,zh
原始人,奴,0.862311065196991,jp
空想の友人,という,0.8622567057609558,jp
洗脑从小抓起,孩子,0.862165629863739,zh
石器时代思维,思想,0.8621227741241455,zh
猫かぶり,こいつ,0.8621067404747009,jp
水浴び,られ,0.8620873689651489,jp
道徳の押し売り,伝道,0.8620830774307251,jp
道德警察,教徒,0.8619778156280518,zh
西洋かぶれ,という の,0.8619565963745117,jp
マインドコントロール教育,カルト,0.8618760108947754,jp
中世に戻りたい奴,みたい,0.8618759512901306,jp
拆庙党,教会 的,0.8618336915969849,zh
西洋かぶれ,れる,0.8618005514144897,jp
中世に戻りたい奴,の 人,0.861799418926239,jp
道德警察,红领巾,0.8617937564849854,zh
迷途羊,神棍,0.861729621887207,zh
骗死人钱,神棍,0.8617141842842102,zh
水浴び,たり,0.861696183681488,jp
西洋かぶれ,なけれ,0.8615971207618713,jp
空想の友人,相手,0.8615912199020386,jp
現実逃避の薬,洗脳,0.8615779876708984,jp
水浴び,する,0.8615707159042358,jp
网络审判,的 人,0.8615267276763916,zh
処刑器具,スレ,0.8615006804466248,jp
処刑器具,すれ,0.8614367246627808,jp
水浴び,すれ,0.861425518989563,jp
拆庙党,新教,0.8613986968994141,zh
西洋かぶれ,とか,0.8613694310188293,jp
二毛子,太,0.8613612055778503,zh
中世に戻りたい奴,こいつ ら,0.8612280488014221,jp
拆庙党,圣母 婊,0.8611989617347717,zh
処刑器具,人 を,0.8611037731170654,jp
猫かぶり,き た,0.8610806465148926,jp
石器时代思维,以为,0.8610482811927795,zh
猫かぶり,か,0.8610429167747498,jp
道德警察,的 人,0.8609861135482788,zh
選民思想,議員,0.8609287738800049,jp
終末論オタク,という,0.8608522415161133,jp
石器时代思维,认为,0.8608230948448181,zh
猫かぶり,受け,0.8607487082481384,jp
骗死人钱,钱,0.8607245087623596,zh
Christofascist,evangelical,0.8606483936309814,en
精神春药,神棍,0.8606383204460144,zh
招魂曲,神棍,0.8606368899345398,zh
お花畑,たら,0.860625147819519,jp
マインドコントロール,偽善,0.8606217503547668,jp
処刑器具,しろ,0.8606097102165222,jp
洗脑从小抓起,们,0.8605726957321167,zh
文明の敵,洗脳,0.8605673909187317,jp
マインドコントロール,思っ て,0.8605481386184692,jp
空想の友人,考え,0.8605424165725708,jp
精神传销,迷信,0.8604943752288818,zh
マインドコントロール,信じる,0.8604782819747925,jp
被害妄想症,罪,0.8604602813720703,zh
二毛子,再,0.86040860414505,zh
石器时代思维,发现,0.8604022264480591,zh
空想の友人,の 人,0.860398530960083,jp
原始人,人 の,0.8603305220603943,jp
Religious hopium,hope,0.8603196144104004,en
マインドコントロール,信じ,0.8602361083030701,jp
精神传销,的 宗教,0.8602109551429749,zh
道徳の押し売り,教え,0.8601646423339844,jp
女性の敵,女,0.8601614832878113,jp
処刑器具,罪,0.8601562976837158,jp
終末論オタク,悪魔,0.8601421117782593,jp
カルト予備軍,悪魔,0.860102653503418,jp
カルト予備軍,プロテスタント,0.860021710395813,jp
罪のロンダリング,被害,0.8600122332572937,jp
文明の敵,支配,0.8599627614021301,jp
処刑器具,自殺,0.8599592447280884,jp
西洋かぶれ,の です,0.8599575757980347,jp
選民思想,論,0.8598560094833374,jp
中世に戻りたい奴,です,0.8598319888114929,jp
木头架子,上面,0.859805166721344,zh
发癔症,神棍,0.8597854375839233,zh
心理安慰剂,心,0.8597753643989563,zh
集団ヒステリー,戦争,0.859761118888855,jp
終末論オタク,信者 の,0.8597492575645447,jp
科学パチンカス,科学,0.8596938848495483,jp
水浴び,ます,0.8596359491348267,jp
中世に戻りたい奴,奴,0.8596066236495972,jp
選民思想,派,0.8595758080482483,jp
空想の友人,自分,0.8595615029335022,jp
洗脑从小抓起,被,0.8595415949821472,zh
お花畑,しろ,0.8595334887504578,jp
カルト予備軍,統一教会 の,0.8595253229141235,jp
经院废话,说,0.8595081567764282,zh
拆庙党,的 基督徒,0.8594980835914612,zh
お花畑,なかっ,0.8594870567321777,jp
精神春药,禁果,0.8594568967819214,zh
生臭坊主 ,他,0.859438955783844,jp
カルト予備軍,統一教会 と,0.859401524066925,jp
木头架子,十字架 上,0.8593350052833557,zh
猫かぶり,とか,0.8593209385871887,jp
经院废话,而已,0.8592809438705444,zh
满口仁义道德,牺牲,0.8592355847358704,zh
石器时代思维,西方,0.8592296242713928,zh
木头架子,把,0.8592063188552856,zh
地獄商法,罪,0.8591996431350708,jp
二毛子,神棍,0.8591547012329102,zh
子宫警察,的 事,0.8590306639671326,zh
カルト予備軍,統一教会 に,0.8589229583740234,jp
精神传销,的 信仰,0.8589019775390625,zh
終末論オタク,そして,0.8588982820510864,jp
道德警察,道,0.8588861227035522,zh
猫かぶり,けど,0.8588754534721375,jp
お花畑,という,0.8588750958442688,jp
网络审判,忏悔,0.8588451743125916,zh
生臭坊主 ,者,0.8588173985481262,jp
满口仁义道德,信 上帝,0.8587738275527954,zh
終末論オタク,です,0.8587382435798645,jp
道徳の押し売り,する,0.8587307333946228,jp
Moral license to sin,moral,0.8587168455123901,en
子宫警察,者,0.8587162494659424,zh
水浴び,で,0.8587093353271484,jp
地獄商法,偽善 者,0.8587004542350769,jp
文明の敵,相手,0.8586457967758179,jp
女性の敵,こいつ ら,0.8586171865463257,jp
オカルト商法,偽善,0.8585864901542664,jp
Religious Nazi,evangelical,0.8585333824157715,en
お花畑,だ,0.8585119247436523,jp
処刑器具,ほう,0.8584902286529541,jp
洗脑从小抓起,成为,0.8584599494934082,zh
满口仁义道德,的 信仰,0.8584581017494202,zh
カルト予備軍,信者 の,0.8583964705467224,jp
骗死人钱,搞,0.8583523631095886,zh
カルト予備軍,統一教会 を,0.8583499789237976,jp
罪のロンダリング,破壊,0.8583064079284668,jp
经院废话,搞,0.8583007454872131,zh
お花畑,られ,0.8582114577293396,jp
网络审判,所,0.8581992387771606,zh
道徳の押し売り,教 の,0.8581704497337341,jp
满口仁义道德,的话,0.8581651449203491,zh
終末論オタク,洗脳,0.8580860495567322,jp
被害妄想症,迷信,0.8580805063247681,zh
お花畑,わから,0.858056366443634,jp
水浴び,ほう,0.8580524921417236,jp
終末論オタク,こいつ,0.8580446839332581,jp
中世に戻りたい奴,偽善 者,0.8580324053764343,jp
水浴び,なら,0.8579990863800049,jp
女性の敵,人 の,0.8579871654510498,jp
道德警察,修女,0.857978343963623,zh
魔法の本,神 の,0.8579741716384888,jp
经院废话,所,0.8578906059265137,zh
猫かぶり,する,0.8578736782073975,jp
骗死人钱,邪恶,0.8578103184700012,zh
满口仁义道德,所有,0.8577795028686523,zh
子宫警察,红领巾,0.8577755689620972,zh
文明の敵,こいつ,0.857760488986969,jp
经院废话,啥,0.8577440977096558,zh
罪のロンダリング,偽善,0.8576515913009644,jp
网络审判,或,0.8576042056083679,zh
集団ヒステリー,たち,0.8575923442840576,jp
川粉,干,0.8574792146682739,zh
心理安慰剂,帮助,0.8574448823928833,zh
子宫警察,她,0.8574297428131104,zh
罪のロンダリング,悪魔,0.8574163317680359,jp
经院废话,还,0.8573703765869141,zh
お花畑,の,0.8573539853096008,jp
お花畑,ども,0.8573351502418518,jp
カルト予備軍,こいつ ら,0.8572015762329102,jp
被害妄想症,邪教,0.8571717739105225,zh
网络审判,结果,0.8571521043777466,zh
文明之癌,的 都,0.8571047186851501,zh
猫かぶり,なっ,0.8570483326911926,jp
生臭坊主 ,お前,0.8570235967636108,jp
Talking to the ceiling,talking,0.8569663763046265,en
原始人,人 は,0.856923520565033,jp
女性の敵,人 を,0.8568355441093445,jp
道徳の押し売り,デモ,0.8568132519721985,jp
魔法の本,教え,0.8566825985908508,jp
招魂曲,叫,0.8566369414329529,zh
网络审判,的,0.8565593361854553,zh
地獄商法,偽善,0.8564212322235107,jp
マルチ商法,として,0.85639488697052,jp
原始人,教祖,0.8563856482505798,jp
洗脑从小抓起,做,0.8563267588615417,zh
文明之癌,地狱,0.8562803268432617,zh
文明之癌,都 是,0.8562626242637634,zh
罪のロンダリング,する,0.8561344742774963,jp
木头架子,的,0.8561216592788696,zh
木头架子,吧,0.8559280633926392,zh
原始人,人 を,0.8559046387672424,jp
罪のロンダリング,そして,0.8558972477912903,jp
道徳の押し売り,教義,0.8558913469314575,jp
迷途羊,基督 狗,0.8558531999588013,zh
Christofascist,protestant,0.8557069301605225,en
罪のロンダリング,なけれ,0.8556593060493469,jp
发癔症,念 异端,0.85552579164505,zh
洗脑从小抓起,是 被,0.8554536700248718,zh
生臭坊主 ,馬鹿,0.855445384979248,jp
招魂曲,精神,0.8553258776664734,zh
マインドコントロール教育,伝道,0.855263888835907,jp
生臭坊主 ,偽善 者,0.8552141785621643,jp
マルチ商法,全て,0.8551641702651978,jp
God-botherer,lord,0.8551628589630127,en
魔法の本,教 の,0.8550118207931519,jp
Holy Roller,holy,0.8548133969306946,en
木头架子,这种,0.8547937273979187,zh
マルチ商法,多い,0.8546962141990662,jp
招魂曲,圣战,0.854642391204834,zh
Holy laughter ,jesus christ,0.8545973300933838,en
心理安慰剂,禁果,0.8545966148376465,zh
发癔症,被,0.8545263409614563,zh
現実逃避の薬,ため,0.8543685078620911,jp
木头架子,指,0.8543661832809448,zh
文明之癌,撒旦,0.8543244004249573,zh
文明の敵,偽善,0.8543202877044678,jp
木头架子,神棍,0.8542256951332092,zh
木头架子,上,0.8542006015777588,zh
文明之癌,极端,0.8541314601898193,zh
Libtard,based,0.8541181087493896,en
洗脑从小抓起,邪教,0.8541180491447449,zh
原始人,神,0.8540879487991333,jp
文明之癌,异端,0.8540784120559692,zh
文明之癌,邪恶,0.854073703289032,zh
木头架子,一个,0.8539761304855347,zh
卖假药的,神棍,0.8537880778312683,zh
生臭坊主 ,俺,0.8536463379859924,jp
Libtard,liberal,0.8536101579666138,en
マルチ商法,による,0.8534839749336243,jp
川粉,阿米,0.8534619808197021,zh
骗死人钱,罪,0.8534257411956787,zh
文明の敵,クズ,0.8533886671066284,jp
Religious shakedown,religious,0.8531122207641602,en
現実逃避の薬,生き,0.8531086444854736,jp
心理安慰剂,给,0.8530821204185486,zh
現実逃避の薬,という,0.8530659675598145,jp
洗脑从小抓起,变成,0.8530380725860596,zh
魔法の本,悪魔,0.853026270866394,jp
迷途羊,他,0.8529294729232788,zh
地獄商法,詐欺,0.8528956770896912,jp
迷途羊,念 异端,0.8528621196746826,zh
精神传销,信仰 的,0.8528050780296326,zh
魔法の本,書い,0.852783739566803,jp
現実逃避の薬,気,0.8527753353118896,jp
マインドコントロール教育,教,0.852766215801239,jp
集団ヒステリー,など,0.8526244759559631,jp
迷途羊,跟,0.8525652289390564,zh
マインドコントロール教育,に する,0.8525314331054688,jp
狗咬狗,打,0.8523362278938293,zh
オカルト商法,という,0.852250874042511,jp
集団ヒステリー,名無し,0.8522301316261292,jp
迷途羊,找到,0.8521652221679688,zh
心理安慰剂,被,0.8520208597183228,zh
マルチ商法,など,0.8518719673156738,jp
被害妄想症,者,0.8518534898757935,zh
发癔症,却,0.8518289923667908,zh
魔法の本,もの,0.8518055081367493,jp
現実逃避の薬,だっ,0.8517974615097046,jp
心理安慰剂,其他,0.85151606798172,zh
Magic T,t,0.8514454364776611,en
川粉,地,0.8514441251754761,zh
現実逃避の薬,本当に,0.8513652086257935,jp
迷途羊,里,0.8513413071632385,zh
現実逃避の薬,しろ,0.8513328433036804,jp
迷途羊,亚当,0.8513312339782715,zh
集団ヒステリー,事件,0.8512846231460571,jp
发癔症,异端,0.8512790203094482,zh
Bible-belt redneck,evangelical,0.8509081602096558,en
集団ヒステリー,デモ,0.8509005904197693,jp
迷途羊,找,0.8508482575416565,zh
发癔症,极端,0.8507929444313049,zh
被害妄想症,忏悔,0.8507790565490723,zh
生臭坊主 ,誰,0.8506497740745544,jp
心理安慰剂,想,0.850534200668335,zh
現実逃避の薬,バカ,0.8504533171653748,jp
被害妄想症,神棍,0.8504020571708679,zh
集団ヒステリー,被害,0.850400447845459,jp
心理安慰剂,一种,0.8502686023712158,zh
心理安慰剂,那些,0.8502634763717651,zh
Sky Daddy,god s,0.8501451015472412,en
オカルト商法,による,0.8501339554786682,jp
現実逃避の薬,なけれ,0.8501177430152893,jp
オカルト商法,的 な,0.8500551581382751,jp
精神春药,婊,0.8500488996505737,zh
魔女狩り ,悪魔,0.8498515486717224,jp
招魂曲,迷信,0.8496993184089661,zh
地獄商法,自殺,0.8496467471122742,jp
魔法の本,ズブズブ,0.8495987057685852,jp
科学パチンカス,ズブズブ,0.8495928049087524,jp
川粉,东西,0.8495736718177795,zh
卖假药的,邪教,0.849502682685852,zh
川粉,他,0.8494900465011597,zh
魔法の本,教 は,0.8494284749031067,jp
オカルト商法,と いう,0.8494165539741516,jp
被害妄想症,不 信,0.8493933081626892,zh
マルチ商法,と いう,0.8493003845214844,jp
マルチ商法,の ため,0.8492946028709412,jp
Spiritual MLM,spiritual,0.8492461442947388,en
Moral license to sin,conscience,0.8491571545600891,en
生臭坊主 ,こいつ,0.8490975499153137,jp
Religious hopium,religious,0.849094569683075,en
招魂曲,打,0.8487718105316162,zh
Forced Birther,abortion,0.8487441539764404,en
招魂曲,念,0.8485144972801208,zh
骗死人钱,还,0.8484779596328735,zh
川粉,地方,0.8484452366828918,zh
川粉,天堂,0.8482547402381897,zh
Religious hopium,evangelical,0.8482012748718262,en
科学パチンカス,など,0.8481411337852478,jp
West-worshiper,god s,0.8481318950653076,en
被害妄想症,自己,0.8479152321815491,zh
骗死人钱,的 人,0.847896158695221,zh
Religious hopium,believe,0.8478379249572754,en
川粉,的 都,0.8477672338485718,zh
精神春药,那些,0.8477525115013123,zh
精神春药,心,0.8477516174316406,zh
Talking to the ceiling,speaking,0.8477479815483093,en
被害妄想症,不信,0.8476770520210266,zh
精神春药,圣母 婊,0.8475185632705688,zh
マルチ商法,に する,0.8474887013435364,jp
招魂曲,搞,0.8474034667015076,zh
川粉,都,0.8473864197731018,zh
Bible Thumper,biblical,0.8473742008209229,en
地獄商法,犯罪,0.8473445773124695,jp
川粉,里,0.8472946882247925,zh
招魂曲,念 异端,0.8470926880836487,zh
科学パチンカス,だっ,0.8470043540000916,jp
Forced Birther,born,0.8469526767730713,en
科学パチンカス,だ し,0.846890926361084,jp
科学パチンカス,です,0.8468679785728455,jp
发癔症,精神,0.8468555808067322,zh
招魂曲,心,0.8467164635658264,zh
科学パチンカス,バカ,0.8467133641242981,jp
Holy laughter ,god s,0.8467040061950684,en
Theocrat,secular,0.8466234803199768,en
Religious hopium,belief,0.8465953469276428,en
发癔症,想,0.8465339541435242,zh
生臭坊主 ,教祖,0.8464852571487427,jp
卖假药的,的 人,0.8462787866592407,zh
Holy laughter ,oh,0.8461344838142395,en
Libtard,trump,0.8459952473640442,en
科学パチンカス,神 の,0.8457295298576355,jp
Christofascist,christ,0.8455349206924438,en
魔女狩り ,マリア,0.8454814553260803,jp
マルチ商法,について,0.8454575538635254,jp
科学パチンカス,の です,0.8452543616294861,jp
科学パチンカス,でしょ う,0.8451523780822754,jp
骗死人钱,婊,0.8451429009437561,zh
Religious shakedown,church s,0.8450968861579895,en
Magic T,n t,0.8448850512504578,en
发癔症,正常,0.8448838591575623,zh
マルチ商法,まし た,0.8448470234870911,jp
Christofascist,christians,0.8447220921516418,en
精神春药,的 人,0.8446528911590576,zh
Holy laughter ,heaven,0.8443076610565186,en
精神春药,男人,0.8442401885986328,zh
发癔症,的 事,0.8441019058227539,zh
Religious shakedown,holy,0.8440366983413696,en
West-worshiper,worship,0.8440046310424805,en
卖假药的,禁果,0.8438135385513306,zh
精神春药,念 异端,0.8436559438705444,zh
卖假药的,搞,0.8435775637626648,zh
Theocrat,orthodox,0.843572735786438,en
地獄商法,奴,0.8435558676719666,jp
God-botherer,pastor,0.8434686660766602,en
Religious bubble,secular,0.843460202217102,en
Religious shakedown,secular,0.8433788418769836,en
Christofascist,jesus christ,0.8432720899581909,en
Sky Daddy,heaven,0.8431771397590637,en
Theocrat,evangelical,0.8430426716804504,en
Theocrat,pastor,0.8427777290344238,en
魔女狩り ,カルト,0.8425082564353943,jp
Theocrat,cardinal,0.842464804649353,en
Holier-than-thou,divine,0.8420472145080566,en
地獄商法,カルト,0.8420276045799255,jp
Religious bubble,evangelical,0.8419334292411804,en
狗咬狗,被,0.8416341543197632,zh
West-worshiper,wo,0.8414146900177002,en
Religious shakedown,evangelical,0.8413909077644348,en
Talking to the ceiling,talk,0.8412033915519714,en
卖假药的,念 异端,0.8407593965530396,zh
Religious hopium,holy,0.8406897187232971,en
Rice Christian,christian,0.8406399488449097,en
Holy laughter ,hell,0.840492844581604,en
卖假药的,婊,0.8403046131134033,zh
Holier-than-thou,god s,0.8402626514434814,en
Holy Roller,god s,0.8399738073348999,en
Religious Nazi,jesus christ,0.8395261168479919,en
Sky Daddy,lord,0.8392746448516846,en
Hypocritical Pharisee,jesus christ,0.839274525642395,en
Holy laughter ,jesus,0.839235246181488,en
Holy laughter ,holy spirit,0.8392078280448914,en
West-worshiper,evangelical,0.839198112487793,en
Infiltrator,ncr,0.8391345739364624,en
West-worshiper,wo n,0.8390970826148987,en
Talking to the ceiling,speak,0.8390140533447266,en
God-botherer,divine,0.8390010595321655,en
Religious Nazi,protestant,0.8388177156448364,en
Theocrat,eucharist,0.8387486934661865,en
West-worshiper,lord,0.8384159803390503,en
Holy laughter ,christ,0.8381012678146362,en
Religious hopium,biblical,0.8380578756332397,en
卖假药的,者,0.8379947543144226,zh
Religious hopium,spiritual,0.8379300832748413,en
Bible Thumper,jesus christ,0.8379132151603699,en
Holy laughter ,church s,0.8379003405570984,en
魔女狩り ,馬鹿,0.8378204703330994,jp
God-botherer,holy,0.8376822471618652,en
Theological nitpicking,biblical,0.8376491069793701,en
God-botherer,jesus,0.8376243114471436,en
Doomsday prepper,ncr,0.8375779390335083,en
Religious hopium,holy spirit,0.8375561237335205,en
卖假药的,邪恶,0.8374840021133423,zh
卖假药的,真是,0.8374798893928528,zh
Theological nitpicking,sins,0.8373845219612122,en
Theocrat,ordained,0.8373364210128784,en
Religious hopium,faith,0.8372263312339783,en
魔女狩り ,そして,0.8370258212089539,jp
Libtard,ll,0.837009608745575,en
Religious bubble,religious,0.8369631171226501,en
Holier-than-thou,laity,0.8369009494781494,en
Theocrat,protestant,0.8366905450820923,en
Theological nitpicking,sin,0.8365226984024048,en
狗咬狗,骂,0.8364256024360657,zh
Theocrat,god s,0.8363702893257141,en
Theological nitpicking,teachings,0.8361837863922119,en
Bible-belt redneck,biblical,0.8361620306968689,en
Sky Daddy,jesus christ,0.8355211615562439,en
Ducking,doing,0.8355126976966858,en
Rice Christian,evangelical,0.8352334499359131,en
狗咬狗,是 被,0.8352079391479492,zh
West-worshiper,u s,0.835025429725647,en
Iconoclast,god s,0.8349254131317139,en
Libtard,conservative,0.834847629070282,en
Bible Thumper,jesus,0.8347799777984619,en
Bible Thumper,gospel,0.8347138166427612,en
Moral license to sin,allow,0.8346289396286011,en
魔女狩り ,という,0.8345092535018921,jp
Holy Roller,jesus christ,0.834423840045929,en
Holier-than-thou,church s,0.8344113826751709,en
Theocrat,lord,0.834138810634613,en
Dark Ages fan,old,0.8339681029319763,en
魔女狩り ,たち,0.8339546918869019,jp
Rice Christian,christians,0.8339248299598694,en
Holier-than-thou,faithful,0.8338399529457092,en
Sky Daddy,jesus,0.8338155150413513,en
God-botherer,jesus christ,0.8337354063987732,en
Christofascist,christian,0.8336983919143677,en
Religious Nazi,religious,0.8336950540542603,en
Sky Daddy,god,0.8335947394371033,en
魔女狩り ,こいつ,0.8335734605789185,jp
魔女狩り ,ズブズブ,0.8334355354309082,jp
魔女狩り ,ども,0.8334164619445801,jp
Rice Christian,christ,0.8332958221435547,en
Talking to the ceiling,calling,0.8332288861274719,en
Religious shakedown,religions,0.8329677581787109,en
Christofascist,francis,0.8328456878662109,en
Holier-than-thou,evangelical,0.8325744867324829,en
Bible Thumper,bible,0.8325133919715881,en
Rice Christian,church s,0.8325115442276001,en
Holier-than-thou,eucharist,0.8323239088058472,en
狗咬狗,指,0.8323158025741577,zh
Dark Ages fan,century,0.8322417140007019,en
Holy Roller,jesus,0.832079291343689,en
Christofascist,based,0.8320434093475342,en
Theological nitpicking,church s,0.8319196105003357,en
Religious shakedown,jesus christ,0.831850528717041,en
Sky Daddy,holy,0.83176589012146,en
Hypocritical Pharisee,evangelical,0.8316081762313843,en
God-botherer,christ,0.8315430879592896,en
Persecution fetish,jesus christ,0.8314653635025024,en
Hypocritical Pharisee,sin,0.831442654132843,en
Stone Age Mindset,t think,0.8312854766845703,en
Pie in the sky,heaven,0.8310956358909607,en
狗咬狗,叫,0.8310912847518921,zh
Hypocritical Pharisee,francis,0.8310858011245728,en
Doomsday prepper,based,0.830912172794342,en
Religious shakedown,spiritual,0.8308907151222229,en
Bible Thumper,pastor,0.8306941986083984,en
Spiritual MLM,evangelical,0.8306676149368286,en
Holy Roller,lord,0.8305703401565552,en
Virtue Signaler,moral,0.8304022550582886,en
Medieval baggage,bring,0.8303903341293335,en
Christofascist,eucharist,0.8303195238113403,en
Religious shakedown,orthodox,0.8302988409996033,en
Iconoclast,christ,0.8302728533744812,en
Theological nitpicking,god,0.8302406072616577,en
Christofascist,cardinal,0.8302404284477234,en
Holier-than-thou,holy spirit,0.8299619555473328,en
Religious shakedown,biblical,0.8297327160835266,en
Bible-belt redneck,jesus christ,0.8296846747398376,en
Libtard,wrong,0.829561710357666,en
Moral license to sin,allowed,0.8295081853866577,en
Libtard,n t,0.8294738531112671,en
Libtard,actually,0.8294690251350403,en
West-worshiper,pastor,0.8294164538383484,en
West-worshiper,christ,0.8293809294700623,en
Sheeple,folks,0.8292998671531677,en
Libtard,exactly,0.829289972782135,en
West-worshiper,st,0.8292326331138611,en
Colonial apologist,based,0.8291262984275818,en
Religious Nazi,secular,0.8291071653366089,en
Holier-than-thou,heaven,0.8290796875953674,en
Libtard,let s,0.8290690779685974,en
狗咬狗,把,0.8290295004844666,zh
Theological nitpicking,theology,0.8289564251899719,en
Theological nitpicking,doctrine,0.8289374113082886,en
Rice Christian,pastor,0.8286341428756714,en
Religious Nazi,pastor,0.8285767436027527,en
Hypocritical Pharisee,sins,0.8284597396850586,en
Religious Nazi,based,0.8282740712165833,en
Flat-earther ,based,0.828195333480835,en
Forced Birther,birth,0.8280470967292786,en
狗咬狗,邪恶,0.82777339220047,zh
Theological nitpicking,issues,0.8277365565299988,en
Theological nitpicking,god s,0.8275254964828491,en
Rice Christian,eucharist,0.8274965286254883,en
Cancer of progress,jesus christ,0.8274112939834595,en
Sectarian infighting,based,0.8271355628967285,en
Moral license to sin,mercy,0.827076256275177,en
Holy Roller,holy spirit,0.8269659280776978,en
Religious Nazi,holy,0.8267984986305237,en
Cancer of progress,based,0.8267706036567688,en
Hypocritical Pharisee,christ,0.8267096281051636,en
Hypocritical Pharisee,pastor,0.826688826084137,en
Iconoclast,god,0.826574444770813,en
Bible Thumper,christ,0.8265587091445923,en
Rice Christian,secular,0.8265431523323059,en
Bible Thumper,evangelical,0.8265413641929626,en
Iconoclast,divine,0.8263508677482605,en
Holy Roller,role,0.8263353109359741,en
Hypocritical Pharisee,jesus,0.8262914419174194,en
Persecution fetish,based,0.8261828422546387,en
Virtue Signaler,based,0.8259629607200623,en
Holy Roller,christ,0.825959324836731,en
Dark Ages fan,ago,0.8259442448616028,en
Iconoclast,jesus,0.8259312510490417,en
God-botherer,evangelical,0.8257812857627869,en
Forced Birther,mother,0.8256971836090088,en
Stone Age Mindset,think,0.8255385756492615,en
Dark Ages fan,hell,0.825508713722229,en
Iconoclast,cardinal,0.8254584074020386,en
Magic T,t think,0.825228750705719,en
Sky Daddy,christ,0.8250381946563721,en
Religious Nazi,orthodox,0.8250195980072021,en
Bible-belt redneck,pastor,0.8249906301498413,en
Colonial apologist,sorry,0.8249890804290771,en
Bible Thumper,church s,0.8249347805976868,en
Sectarian infighting,secular,0.8247374296188354,en
Religious bubble,church s,0.8246299624443054,en
Sky Daddy,father,0.8245776295661926,en
Doomsday prepper,pastor,0.8245500326156616,en
Digital Inquisition,ncr,0.8244538903236389,en
Iconoclast,jesus christ,0.8241018056869507,en
Wolf in sheep's clothing,jesus christ,0.8234433531761169,en
Bible Thumper,god s,0.8233184218406677,en
Forced Birther,abuse,0.8231130838394165,en
Ducking,lay,0.8230080008506775,en
Dark Ages fan,ncr,0.8229881525039673,en
Sky Daddy,pastor,0.8228519558906555,en
Iconoclast,eucharist,0.8226358890533447,en
Stone Age Mindset,based,0.822622537612915,en
Cancer of progress,lost,0.8225929141044617,en
Digital Inquisition,jesus christ,0.8224955797195435,en
Virtue Signaler,conscience,0.8224431872367859,en
Iconoclast,lord,0.8223575949668884,en
Flat-earther ,earth,0.8222262859344482,en
Talking to the ceiling,saying,0.822065532207489,en
Grooming ,doing,0.8220356702804565,en
Spiritual MLM,spirit,0.8219738006591797,en
Religious Nazi,christians,0.8219722509384155,en
Dark Ages fan,based,0.8219400644302368,en
Holy Roller,church s,0.8217769265174866,en
Forced Birther,jesus christ,0.8216776251792908,en
Hypocritical Pharisee,faithful,0.8214215636253357,en
Moral license to sin,communion,0.8213582038879395,en
Rice Christian,biblical,0.8213270306587219,en
Dark Ages fan,burke,0.8213134407997131,en
Kool-Aid drinker,trump,0.821227490901947,en
Flat-earther ,wrong,0.8212195038795471,en
Grooming ,care,0.8211640119552612,en
Moral license to sin,evil,0.8211151957511902,en
Spiritual MLM,holy spirit,0.8210583329200745,en
Moral license to sin,jesus christ,0.821048378944397,en
Religious bubble,beliefs,0.8210067749023438,en
Dark Ages fan,jesus christ,0.8209295272827148,en
Wolf in sheep's clothing,wo,0.8207775354385376,en
Flat-earther ,believe,0.8206608295440674,en
Cancer of progress,continue,0.8206223845481873,en
Flat-earther ,exactly,0.820216953754425,en
Flat-earther ,trump,0.8201963901519775,en
Religious bubble,religions,0.8201616406440735,en
Rice Christian,jesus christ,0.820115864276886,en
Digital Inquisition,following,0.8200334310531616,en
Doomsday prepper,probably,0.8198639154434204,en
Holy Roller,eucharist,0.8197936415672302,en
Colonial apologist,argument,0.8197036981582642,en
Cancer of progress,ncr,0.8196293711662292,en
Hypocritical Pharisee,biblical,0.8195799589157104,en
Colonial apologist,burke,0.8195393681526184,en
Big Book of Fables,big,0.8194176554679871,en
Sky-pilot ,wing,0.8190816044807434,en
Flat-earther ,correct,0.8189617395401001,en
Ducking,stand,0.8188572525978088,en
Doomsday prepper,jesus christ,0.8188418745994568,en
Religious bubble,churches,0.8188155889511108,en
Magic T,ca n,0.8188031911849976,en
Stone Age Mindset,thinking,0.8186823129653931,en
Magic T,god s,0.8186710476875305,en
Sectarian infighting,disagree,0.8183188438415527,en
Grooming ,making,0.8182729482650757,en
Flat-earther ,false,0.8182022571563721,en
Sectarian infighting,national,0.8179696798324585,en
Religious bubble,holy,0.8178860545158386,en
Bible-belt redneck,republican,0.8178521990776062,en
Flat-earther ,probably,0.8176685571670532,en
Grooming ,using,0.8176637291908264,en
Persecution fetish,following,0.8176463842391968,en
Doomsday prepper,pro,0.8176239132881165,en
Doomsday prepper,future,0.8175917863845825,en
Cancer of progress,start,0.8174778819084167,en
Ducking,saying,0.8174437880516052,en
Colonial apologist,wrong,0.8174100518226624,en
Kool-Aid drinker,based,0.8173888325691223,en
Iconoclast,holy,0.8172569870948792,en
Virtue Signaler,trump,0.8171234130859375,en
Flat-earther ,jesus christ,0.8170692920684814,en
Sectarian infighting,anti,0.8170475959777832,en
Ducking,going,0.8170074820518494,en
Sheeple,let s,0.8169353008270264,en
Virtue Signaler,ve,0.8169266581535339,en
Dark Ages fan,got,0.816791296005249,en
Virtue Signaler,sure,0.8167605996131897,en
Sectarian infighting,evangelical,0.8167492747306824,en
Magic T,m,0.8167424201965332,en
Dark Ages fan,years ago,0.8166894316673279,en
Tone Policing,mean,0.8166739344596863,en
Cancer of progress,lead,0.8165266513824463,en
Sheeple,wo,0.8165138959884644,en
Magic T,let s,0.8164411783218384,en
Sectarian infighting,argument,0.8163173794746399,en
Talking to the ceiling,tell,0.8163039684295654,en
Sheeple,wo n,0.816243052482605,en
Cancer of progress,hell,0.8162314891815186,en
Doomsday prepper,exactly,0.8162195682525635,en
Ducking,stop,0.8161305785179138,en
Doomsday prepper,knows,0.8160785436630249,en
Spiritual MLM,religious,0.816057026386261,en
Ducking,calling,0.816019594669342,en
Doomsday prepper,likely,0.816007673740387,en
Cancer of progress,coming,0.8158835768699646,en
Cancer of progress,trump,0.8158717155456543,en
Sectarian infighting,republican,0.815754234790802,en
Ducking,taking,0.8157225847244263,en
Kool-Aid drinker,jesus christ,0.815671980381012,en
Grooming ,sexual,0.8156418800354004,en
Kool-Aid drinker,probably,0.8156346082687378,en
Stone Age Mindset,old,0.8156320452690125,en
Religious bubble,belief,0.8155601024627686,en
Pie in the sky,wing,0.8155436515808105,en
Kool-Aid drinker,lead,0.8155381679534912,en
Persecution fetish,abuse,0.8154745697975159,en
Colonial apologist,probably,0.8154560923576355,en
Grooming ,abuse,0.8153665661811829,en
Magic T,u,0.8153538703918457,en
Digital Inquisition,control,0.8153306841850281,en
Digital Inquisition,real,0.8153024315834045,en
Wolf in sheep's clothing,trump,0.8152273893356323,en
Grooming ,getting,0.815092921257019,en
Religious bubble,worship,0.8150231242179871,en
Forced Birther,created,0.8150225877761841,en
Grooming ,having,0.8149304389953613,en
Digital Inquisition,god s,0.8149290084838867,en
Sheeple,lay,0.814777672290802,en
Digital Inquisition,guess,0.8147490620613098,en
Forced Birther,father,0.814617931842804,en
Big Book of Fables,book,0.8145514726638794,en
Spiritual MLM,secular,0.8144946694374084,en
Medieval baggage,old,0.81447434425354,en
Sheeple,god s,0.8144583106040955,en
Sheeple,ones,0.8144210577011108,en
Sheeple,trump,0.8143981099128723,en
Colonial apologist,correct,0.8143733143806458,en
Talking to the ceiling,t think,0.814346432685852,en
Digital Inquisition,holy,0.814344584941864,en
Stone Age Mindset,believe,0.8143165707588196,en
Ducking,having,0.8142823576927185,en
Ducking,wo,0.8142043948173523,en
Tone Policing,n t,0.814140796661377,en
The Cult Mafia,ncr,0.8140589594841003,en
Moaning,calling,0.8140481114387512,en
Moaning,oh,0.8140100836753845,en
Sectarian infighting,cardinal,0.8140041828155518,en
Sheeple,u,0.8137301206588745,en
Medieval baggage,biblical,0.8135815858840942,en
Wolf in sheep's clothing,got,0.8133094310760498,en
Wolf in sheep's clothing,wo n,0.8132829070091248,en
Infiltrator,role,0.8132755160331726,en
Sheeple,guess,0.8132299184799194,en
Virtue Signaler,let s,0.813209593296051,en
Virtue Signaler,vote,0.8131154179573059,en
Digital Inquisition,follow,0.8130874633789062,en
Magic T,t know,0.8130692839622498,en
Grooming ,following,0.8129688501358032,en
Moaning,mean,0.8129111528396606,en
Colonial apologist,actually,0.8128779530525208,en
Spiritual MLM,divine,0.8128296136856079,en
Medieval baggage,tradition,0.8126746416091919,en
Sectarian infighting,political,0.8126579523086548,en
Virtue Signaler,respect,0.8125747442245483,en
Digital Inquisition,views,0.8124121427536011,en
Snake oil salesman,jesus christ,0.8123795986175537,en
Kool-Aid drinker,pastor,0.8123277425765991,en
Stone Age Mindset,thought,0.8122724294662476,en
Infiltrator,ca n,0.8121281266212463,en
Stone Age Mindset,ago,0.8121117949485779,en
Virtue Signaler,god s,0.8120646476745605,en
Grooming ,start,0.812015950679779,en
Magic T,wish,0.8119329810142517,en
Forced Birther,based,0.811830997467041,en
Tone Policing,control,0.8117098808288574,en
Spiritual MLM,biblical,0.8115463256835938,en
Moaning,speaking,0.8112457394599915,en
Stone Age Mindset,living,0.8110144734382629,en
Colonial apologist,claim,0.810987114906311,en
Talking to the ceiling,says,0.8107736110687256,en
Big Book of Fables,biblical,0.8106989860534668,en
Forced Birther,evil,0.8106658458709717,en
Stone Age Mindset,stand,0.8106318116188049,en
Persecution fetish,sin,0.8103861212730408,en
Medieval baggage,taken,0.8103485107421875,en
Persecution fetish,hate,0.8103167414665222,en
Persecution fetish,victims,0.8102802038192749,en
Bible-belt redneck,trump,0.8102101683616638,en
Infiltrator,lead,0.8101972937583923,en
Bible-belt redneck,based,0.8099625706672668,en
Moaning,having,0.809872567653656,en
Kool-Aid drinker,does,0.809807300567627,en
Moaning,came,0.8097124099731445,en
Talking to the ceiling,jesus christ,0.809647798538208,en
Spiritual MLM,church s,0.8096172213554382,en
Persecution fetish,anti,0.8095802664756775,en
Colonial apologist,jesus christ,0.8094576597213745,en
Kool-Aid drinker,americans,0.8094251155853271,en
Medieval baggage,lot,0.8092129826545715,en
Spiritual MLM,holy,0.8091885447502136,en
Kool-Aid drinker,born,0.8087750673294067,en
Snake oil salesman,trump,0.8086782097816467,en
Infiltrator,actions,0.8085912466049194,en
Wolf in sheep's clothing,god s,0.8085508346557617,en
Kool-Aid drinker,does n,0.8084356188774109,en
Moaning,sexual,0.8083699941635132,en
Tone Policing,t think,0.808326244354248,en
Wolf in sheep's clothing,evil,0.8080639243125916,en
Big Book of Fables,lot,0.8080418705940247,en
Moaning,saying,0.8079741597175598,en
Bible-belt redneck,jesus,0.8077653050422668,en
Bible-belt redneck,ncr,0.8072705268859863,en
Moaning,doing,0.8072295784950256,en
Persecution fetish,evangelical,0.8072119355201721,en
Big Book of Fables,ones,0.8072105646133423,en
Persecution fetish,hell,0.8072077035903931,en
Bible-belt redneck,hell,0.8068234920501709,en
Moaning,coming,0.8064751029014587,en
Tone Policing,stop,0.8064150214195251,en
Pie in the sky,god s,0.8063878417015076,en
Wolf in sheep's clothing,oh,0.8062326312065125,en
Pie in the sky,oh,0.8062217235565186,en
Wolf in sheep's clothing,hell,0.8062025308609009,en
Wolf in sheep's clothing,let s,0.8060227632522583,en
Infiltrator,u,0.8058968782424927,en
Tone Policing,calling,0.8058602213859558,en
Pie in the sky,lay,0.8055384755134583,en
Uncle Tom,trump,0.8054925203323364,en
Medieval baggage,used,0.8053215146064758,en
Tone Policing,abuse,0.8052491545677185,en
Medieval baggage,guess,0.8051836490631104,en
Tone Policing,trying,0.8050714135169983,en
Snake oil salesman,pastor,0.8047870993614197,en
Medieval baggage,jesus christ,0.8046833872795105,en
Medieval baggage,thing,0.8046414256095886,en
Pie in the sky,stand,0.8044243454933167,en
Big Book of Fables,god s,0.8042452335357666,en
Infiltrator,following,0.8042304515838623,en
Infiltrator,start,0.8041086792945862,en
Big Book of Fables,bible,0.8033247590065002,en
Tone Policing,correct,0.802915096282959,en
Infiltrator,n t,0.8028435707092285,en
Big Book of Fables,10,0.802773118019104,en
Tone Policing,using,0.8026809096336365,en
Snake oil salesman,probably,0.8025836944580078,en
Pie in the sky,way,0.8025793433189392,en
Infiltrator,let s,0.8021471500396729,en
Uncle Tom,lord,0.8020467758178711,en
Uncle Tom,god s,0.8019817471504211,en
Uncle Tom,son,0.80193030834198,en
Uncle Tom,u s,0.8018087148666382,en
Uncle Tom,father,0.8014301061630249,en
Big Book of Fables,great,0.8013663291931152,en
Pie in the sky,jesus christ,0.8013165593147278,en
Uncle Tom,n t,0.8008593916893005,en
Pie in the sky,holy,0.8002369999885559,en
Big Book of Fables,reading,0.799350917339325,en
Uncle Tom,mr,0.7992561459541321,en
Uncle Tom,oh,0.7990732789039612,en
Pie in the sky,hell,0.7989770770072937,en
Snake oil salesman,lead,0.7988157272338867,en
Uncle Tom,jesus christ,0.797983705997467,en
Snake oil salesman,actually,0.797114908695221,en
Sky-pilot ,lay,0.7967683672904968,en
Snake oil salesman,exactly,0.7964988946914673,en
Sky-pilot ,start,0.7957898378372192,en
Snake oil salesman,mr,0.7942408323287964,en
Sky-pilot ,follow,0.792387843132019,en
Sky-pilot ,following,0.7918264865875244,en
The Cult Mafia,jesus christ,0.7916730642318726,en
Snake oil salesman,sure,0.7916561961174011,en
Snake oil salesman,teaches,0.7913415431976318,en
Sky-pilot ,ca n,0.789785623550415,en
Sky-pilot ,god s,0.7896129488945007,en
Sky-pilot ,lead,0.7891233563423157,en
Sky-pilot ,let s,0.7883631587028503,en
The Cult Mafia,church s,0.7879840731620789,en
Sky-pilot ,way,0.7876102924346924,en
The Cult Mafia,evil,0.7869849801063538,en
The Cult Mafia,trump,0.7867745161056519,en
The Cult Mafia,hell,0.7850704789161682,en
The Cult Mafia,u s,0.7850197553634644,en
The Cult Mafia,god s,0.7846193313598633,en
The Cult Mafia,members,0.7842878699302673,en
The Cult Mafia,worship,0.7821038365364075,en
